Ticker,2013-12-31,2014-12-31,2015-12-31,2016-12-31,2017-12-31,2018-12-31,2019-12-31,2020-12-31,2021-12-31,2022-12-31,2023-12-31,2024-12-31
A,10514151646.95784,10596454629.272831,10963618525.713852,12077820712.01007,17913566432.485703,18211895952.86577,23227371757.302483,32469762100.800903,43999650407.94147,41569677647.03586,38900276455.44183,37848834037.7448
AAPL,257129787040.4148,361582110801.8646,350685097227.30444,394452117745.54254,585620705560.8788,554054615494.0796,1046929840059.4712,1908622934711.3342,2569926510036.804,1891358077560.0127,2818275481549.0723,3683634142590.3623
ABBV,57758487641.101105,73883687988.00845,69080694309.29126,75845061259.90308,121408895635.06879,120247620158.40631,122013036115.508,155833010066.26593,206363433655.79138,255906593751.96094,255305608544.9889,303453787182.73157
ABT,52877012796.13989,63496639366.86784,64685142263.59571,56715526982.24437,86223608950.98544,111281748432.43385,135853019157.90881,173947185994.43616,227050333600.24237,180092008581.68097,184163217881.5426,193026274940.74652
ACGL,6860778334.859016,6792963726.584393,8017075954.459824,9918186119.296963,10433117745.539474,9213602942.380775,14789350232.337791,12437673770.600563,15327270365.472137,21647828125.703224,25609815016.257202,33488504820.97673
ACN,41545586974.562805,46290544657.346924,55331186731.08673,63272160058.08353,84364542335.31866,79109717803.04434,119624656005.81299,150775374872.24744,242243855377.71643,158056234686.43652,211155381287.15442,215087835522.03845
ADBE,25065768447.113037,30432218722.53418,39323285021.97266,43094868722.53418,73355466299.43848,94704066299.43848,138058464978.02734,209350229956.0547,237371314978.02734,140871457489.01367,249736749780.27344,186143044934.08203
ADI,19518200181.693832,21889614775.847656,22411872657.92726,30246731766.15918,37899541615.2814,37278321765.708405,52677815803.32202,66834063177.53534,80845154572.34906,76873809484.40985,94828651542.98773,103188305779.04767
ADM,14790555435.942326,18092947118.32636,13081149104.350166,16794920828.518372,15203530386.133518,16005642822.129135,18743024452.115726,21074820874.196987,28941107126.25227,40511700146.032715,32239984510.456696,23366623593.051167
ADP,22196849499.248474,26713745118.80951,27809208390.55078,34564090549.586975,40281400236.489624,46023426372.667786,61076654262.67053,64653744698.34338,92197243544.93481,91010724380.35071,90783993386.60962,116575759404.85986
ADSK,10718159934.997559,12792780292.510986,12978090065.002441,15764130455.01709,22328790390.01465,27393930130.004883,39076981430.05371,65037419219.9707,59893470520.01953,39803308959.96094,51861239089.96582,62956411560.05859
AEE,6771268532.441849,8988847236.872452,8779382488.64946,11033865530.660706,12791327165.910278,14581240679.166595,17616367318.724945,18366231677.19214,21505610877.721344,22052350212.559296,18509632863.014374,23593518275.14554
AEP,16246747142.855072,21940814123.47744,21858168667.106438,24464719648.923225,29590272112.859573,31183521831.60553,40700580915.79491,37033415960.42885,40988943553.15842,45243746145.55115,40277680016.277695,47600665634.014206
AES,6784481803.114334,6530463548.673935,4688551401.8218,5925678651.921112,5766312985.68425,8016361064.899246,11396015962.77649,13919914293.165253,14747536481.889496,17945982129.428375,12405008355.993805,8634687842.854156
AFL,13169870663.58121,12346021302.886723,12412211318.05473,14783003865.812565,19073408819.57483,20256507856.47471,24014261728.832714,20748350492.29224,27916643563.40975,35289738610.1128,41417115418.7119,53049015914.8659
AIG,21067229402.29299,23329608416.947174,26164033472.524002,28195858084.31337,26260375165.576385,17832842032.365997,23821256506.09812,18322524426.587555,28202053625.39972,32084066462.54493,35224944386.7733,38659925263.86647
AIZ,2639647262.586212,2765729605.4208374,3317254554.0542603,3920759974.853592,4351378352.106705,3951947188.3052063,5919298190.223236,6280068488.598633,7313498795.938721,5972373728.164139,8212945169.297333,10557448898.121338
AJG,9548842666.70227,9880211478.08075,8878476639.194489,11639840623.35968,14554512325.706482,17346970851.44043,22860717541.389465,30204442805.404663,41989302469.329834,47211939359.28345,56895642268.90564,72453352026.06201
AKAM,6787561925.564186,9057755189.807442,7571627576.974651,9592934047.064186,9356995146.192558,8787288939.385117,12427078776.922325,15104410925.300697,16837987470.192558,12127839918.141861,17026450579.42907,13760710138.57093
ALB,6267230576.103821,6046553974.330597,5763299370.657196,9001303519.202118,13521335521.395416,8262968582.664185,7991784370.322876,16413936289.709473,26222125085.747986,24484157550.588684,16454141594.091492,9955410394.705963
ALGN,4099794670.5072784,4011542209.5018196,4724737061.268196,6897326822.282753,15942131564.220886,15026600927.337341,20021119217.8981,38341762678.44177,47152661188.58734,15132073507.572784,19659498630.0,14960591063.315506
ALL,11083360918.820297,14545073390.172775,13098331233.034012,15943808357.747269,22902418142.22574,18431839952.692474,25587320940.669983,25557449711.764526,28078577837.733673,33237909262.392517,35355009152.509094,49711842091.927
ALLE,3353589156.613735,4233825301.6486435,5065350461.026718,4953745281.580112,6208154653.719505,6281110369.478401,9917226524.76033,9380728635.11451,10793095500.611237,8714571733.905067,10659311192.839386,11155601720.539703
AMAT,12046869119.741053,17310796458.061,13239924299.837015,23262855966.347885,37188298939.4202,24201409746.40129,45947621650.40463,65838352679.7555,120903446378.71945,75513146828.43846,126841760717.5677,128273920459.11218
AMCR,12941091681.430702,16250564409.381136,14301321597.702576,16419569899.713272,19284897713.650276,15846758381.208014,19504463299.5453,22121755617.025738,23488227669.883522,24240335233.28654,20614922997.57267,21153133640.82171
AMD,6300520573.485432,4346871036.009712,4672479033.485432,18461991312.019424,16736266596.466007,30053645337.883453,74661986018.0777,149307688142.88345,234275167669.22302,105448245080.57266,239989609373.4662,196651139107.11655
AME,11208004524.309002,11269997216.152271,11552157312.243568,10555561168.309765,15831077421.842812,14898224138.815422,22089395712.112534,26990986106.001602,33015821480.98242,31586387364.123093,37526754469.236496,41283314536.26437
AMGN,43885398221.29905,62463548313.64419,64934244149.94312,60027813952.79546,73394991049.67935,84575276503.63399,107918975604.39134,105772447827.06706,106697049441.8583,128497308270.94826,145798604477.2857,135925204447.00516
AMP,8301900757.673653,9731837287.218727,7995458345.816025,8615278917.835304,13474085672.777481,8512039400.591629,13956575593.119736,16722119640.017807,26407229759.587463,27721110699.831116,34370704984.813385,48840143192.68799
AMT,28520116459.132866,35867981156.65011,35868331180.82807,39894337849.163734,54940441446.33944,62260314924.64548,92061880614.32768,91617907089.65886,121747538297.65005,90497129671.82051,95357772564.18484,83758728501.643
AMZN,213157570796.6813,165885426135.09375,361270488345.5249,400813611398.51245,625094338415.7,802819220378.5127,987690419418.8999,1740864225096.4873,1782240691812.5247,897978144924.0,1624271446810.5002,2345326484128.5
AON,16050573619.866257,18346279094.771538,18053520970.531044,22115366532.77523,26867058988.986053,29538827385.474243,42735346278.2254,43746371119.71832,62727959777.49817,63112184112.76138,61657179678.92059,76732781670.30884
AOS,2531224925.3232937,2680185203.133705,3681240912.57922,4604236951.631161,6021473662.754196,4254247927.88673,4834905952.53495,5679163327.090954,9045675336.413452,6144340024.218647,9012353592.71988,7577152946.545967
APD,17318348466.50123,22876145150.012444,21129861603.186447,25874442760.914116,30283440328.37439,30362360415.65277,45548849286.60603,54119045672.70337,61562878242.99582,63972637692.26907,58245191351.35263,62955955679.63516
APH,12211198554.659744,14869704617.249943,14573337723.12778,18927808823.87846,24948253398.886253,23245754701.097595,31360237770.611473,38287334139.743774,51665985721.06511,45488867560.26553,59817840343.07791,84524052996.09573
APO,9664860384.846153,8121724661.790768,5738695595.508456,7879585044.251515,14600330950.08336,11383285965.653578,23502342742.55341,25382029412.868977,38897651618.344185,35168173547.41461,52554307670.225876,94532305705.66873
APTV,10090887227.339512,12386535615.437935,14783416000.847542,11822784181.558563,18006880253.10887,13130455985.083748,20469002205.67489,28152985008.461533,35642298185.02797,20123474952.950172,19386645018.688812,13068482678.366695
ARE,7315236097.456455,10591153207.68615,11152288769.50431,14158312424.883385,17124556728.417892,15587754405.527298,22452682412.109787,25432775452.17595,32576487240.759842,21948406706.0904,19949034431.393143,16071886614.641602
ATO,5464024450.007172,6912182865.461426,8040551851.406647,9684924671.189423,11467922707.64441,12660013834.278809,15589279481.953857,13604998087.331055,15339362416.878418,16816637401.56897,17853948411.311523,22023179598.031616
AVB,11369725583.978691,16228881632.737885,18828398545.67093,18669238187.72461,19395590699.012604,19589572921.71364,24310066995.715714,19381492996.74019,31430594955.35431,20767855636.791,24991127532.63794,30350023900.85472
AVGO,18605866255.39478,35949684674.02801,52499849738.446106,64913770573.051125,96193156324.26445,99677238997.38464,128635123441.6393,186366659133.5849,291635547684.1303,252936524374.49512,516456540628.0912,1087104482491.3853
AVY,3084925211.0559616,3276599176.7056656,4055141570.38945,4646229423.961174,7747679686.368057,6176818518.848862,9175308016.391098,11089729495.139923,15682290244.102203,13320311851.249756,15139717528.174591,14239279734.3833
AWK,6465451005.271759,8368501978.2229805,9613953994.69614,11880298898.595638,15326889635.860176,15528996573.688965,21397815060.159874,27148548895.27176,33889887043.183136,27826271011.462708,24576430216.263924,23708116060.73719
AXON,1253098209.1105862,2089549103.5576553,1364362029.3846893,1912789677.7788277,2091127349.0,3452332887.5,5782558852.153748,9668899302.653748,12388943162.0,13093613045.422485,20384939622.191223,46898068731.077515
AXP,52817665807.336174,54752223100.040184,41497002840.2484,45058340975.08869,61376859918.91096,59768691504.51743,79203886831.75444,78299490494.57712,107179971290.80397,98051530673.92644,126163438818.58488,202265369981.3415
AZO,7949414994.827087,10297447746.287476,12339938559.652039,13136310545.306213,11831977397.095825,13943827146.097961,19814658733.100098,19717023052.149902,34868546599.858154,41019139700.34155,43005581566.141846,53257786926.0
BA,88668263199.7771,86410280012.1004,98563978758.02124,109710390954.55957,213622618356.9723,238192806423.67273,246144233589.8181,162706034024.37817,153022425184.86548,144790589874.6491,198126487472.43274,134536897836.0
BAC,90035528375.07071,104202784529.96873,99226318670.43362,132336532811.487,179561137846.62753,152633115863.978,223134620462.41217,197177533657.1746,294995342381.7507,224718781522.50662,235563618649.56683,315309725935.70825
BALL,6161068367.581116,8199978916.448334,8814074704.15155,9162382225.827255,9325934327.340286,11438076626.434937,16222932970.355545,23554181017.898743,24524880211.31613,13186641456.856644,15052315750.237152,14607404882.414429
BAX,15735136729.670162,17056916915.679474,16703027034.694462,19639302952.627373,28927765652.870636,29763176930.81749,38215192962.39338,37087224976.88141,40231475200.96241,24307320835.779133,18982592661.366634,14731307777.42054
BBY,5548402893.984861,5552575360.970907,4506986471.851215,6605214004.145393,10864593493.54002,8622755674.661007,14701987977.60292,17159308149.331398,17921061485.318985,14786033613.028336,15157469733.840294,17332857449.412918
BDX,25797633397.637627,33091472814.027145,37270733637.04643,40708715014.86293,53426973596.41293,56960981474.31128,69608016173.83209,64906566427.33984,66127291719.6219,69488061773.31538,67633148713.77753,63996593315.95665
BEN,18209037069.040375,17781457794.833908,11999930223.44387,13170293620.380821,14695524304.617233,11265853653.036804,10219694353.174553,10368891301.560287,14400430394.296303,11878088085.957527,13892936001.05999,10112982867.203522
BF-B,7541487568.486452,8881029813.183784,10173101321.323872,9337575821.75827,14474419693.756104,12931002000.146866,18592428926.624775,22063870223.576546,20725028096.238136,18889121174.87955,16640414866.75167,11276845313.529491
BG,11414523545.886066,12839485088.89331,9817573317.3932,10670816998.155735,10162621703.6852,8334810139.688763,9315401377.681126,11078325050.653584,16160141536.795341,17659257613.71544,18329058203.402817,14527936316.380432
BIIB,41013555257.51953,49798088021.19922,44942241922.59961,41601828323.88086,46734943865.51953,44145649660.11914,43530966782.2793,35921518411.45996,35196808829.62012,40624795132.11914,37962145313.7207,22433711165.620117
BK,18202689156.442017,21534069869.222717,22243001398.640717,26035284169.92453,30116416809.720657,26849891182.85884,29415912717.225998,25619222034.64737,36008280570.86018,29116124205.83844,34507130068.01129,52416492280.07547
BKNG,36935899154.37378,36230804125.20813,40512243289.4989,46584874474.11255,55217658315.05859,54730853734.471436,65258412991.72119,70772740492.67578,76236860049.36768,64036640442.090454,112714891082.56714,159274079235.35156
BKR,28776917930.289135,29506228840.765263,24569893851.18797,35088641667.80598,24932364162.999134,17346479717.226063,21338625712.983387,18105904576.737835,21551105973.135265,27146460269.774048,32189989625.187347,39630276891.61671
BLDR,788439555.1849432,759688578.8150568,1225232829.0433712,1213069003.0982008,2409550961.2295456,1206434121.8367424,2809852546.3367424,4512793662.469318,9477861496.270454,7174467791.561363,18460322462.11212,15805281632.413635
BLK,36632740404.06143,42382746348.73471,41384876194.23462,47442750254.2948,65565435133.4798,51402881562.95407,67782595031.972046,99779430252.37067,129106219086.0614,102772477271.10254,121129744567.14227,156610562388.2605
BMY,73914840388.44093,84395919631.67184,100647129849.1823,87068707481.35646,93780734562.88538,81687044195.33076,104345490101.83896,104772724571.3687,107790002488.64105,128249660551.22101,94718903095.01205,109689807744.6043
BR,3731990376.0213623,4462010062.169811,5306314499.59169,6678265405.952717,9289160657.181938,10019031174.42984,13083739632.191032,16522561911.40297,20012362551.056778,14956676740.080902,23366992121.678772,26089747572.94716
BRK-B,162761552328.22833,206128935491.82083,181267161936.62793,223742220388.8996,272120409628.38583,280302405926.185,310943761483.5,318315798926.70667,410473221561.0,424064132558.0708,489630035803.1575,622271910930.1141
BRO,4765753323.96389,5063437650.230255,5008853681.290655,7103208845.882149,8250660323.480072,8935605958.069324,12927261904.522934,15650380017.952995,23368327061.308365,19071949178.577232,23979408071.97464,34608117648.996506
BSX,17818953987.38811,19642357016.75,27336231990.86946,32065220059.45513,36749739504.02622,52389501884.46271,67036030813.20163,53293792433.06352,62974137138.11189,68592593823.13811,85699976310.41434,132411722471.07458
BX,12608339310.155666,14364305248.78443,13642161796.95946,13434110509.293095,17107570063.682316,17125198640.154476,33621239076.289917,40270215292.60298,83401888272.79971,50036548068.97447,91440462804.77444,123509254730.97386
BXP,9861948091.862183,13370934334.188652,13658977332.371521,13758282617.862282,14570811842.76432,12988671189.13433,16377017776.955223,11738008790.472107,14814771549.378662,9101321496.14645,10100485947.754154,11340886788.158798
C,69388121690.34576,72109417891.14572,69166203925.19543,80165927590.2963,101832064852.96854,72823905318.88757,114930973726.20099,92284543249.53989,93143758764.26994,72565785055.46404,86340842473.93445,122546589689.31104
CAG,8339889077.298151,9262341488.396776,11041594854.371881,13613778691.297525,13266603141.456379,7696900598.217693,12739024769.2733,13847168176.60156,13494636936.504925,15858790070.913769,12239281388.28519,12418290088.870668
CAH,11551253461.76117,14213446523.11232,15996438955.298721,13192173223.874695,11523592469.76136,8700027760.564407,10269585806.858116,11306232668.345512,11261425287.320755,17351774088.45311,23277012534.966858,27702098740.893814
CAT,31264505937.60608,32351416212.313522,24919122409.960865,35411540896.05272,61982100476.27289,51099222721.80373,61070548118.74246,77538758892.29997,89909051508.55728,106631081268.91534,134300560471.23431,167417236603.95676
CB,32201300988.46898,36855756305.71244,38420732890.89986,44410190115.72311,50102376402.84682,45275583449.38797,55660789867.2393,56445801807.11839,72165196904.14186,83690563445.34578,87202267434.46892,108031716502.08731
CBOE,4647186206.841362,5754081054.040642,5970692770.962822,6897220896.119293,11758735868.621063,9336641541.713242,11592029729.744736,9137633179.353333,12996596831.551193,12715590640.098236,18356916096.612396,20329087394.801758
CBRE,7826695594.054562,10192560147.25,10290766381.169052,9371203407.416368,12888753108.75179,11915623872.334526,18239475058.584526,18665033135.1127,32291816740.197227,22902756776.665474,27702931000.911896,39070982578.13014
CCI,20015174732.245445,21990882651.7939,25153800138.47191,26289405549.23458,34956008311.384735,35568616627.873764,48178005188.16261,55641616787.59071,75160257669.54025,50679221967.5148,45488897715.3479,38031891128.98041
CCL,39017870213.60741,45156991886.342255,55516094977.096985,54545417033.515564,71325822194.96005,54635588985.10726,58661459755.77847,25288938943.187374,23490926885.719444,9410381344.859722,21646212117.375755,29095123030.15631
CDNS,3816258144.6037292,5163652783.094406,5664502664.628983,6864909033.094406,11383445736.930847,11835299355.39627,18879861526.138306,37136380436.34033,50724658011.38306,43726368473.861694,74139385040.89355,81785510134.06372
CDW,2677854839.419899,4058244661.701927,4889025124.86351,6123586267.421799,8261741889.824982,9746792129.865112,17370835198.32733,16233571646.18988,25465483371.119995,22473442907.19818,28955885680.972595,22421848981.052856
CF,5245592258.224182,6259335219.836746,4788501419.269638,3867160451.413307,5423219998.402039,5701542489.754761,6427258574.472153,5414114178.88385,10134335636.676178,12393203623.037292,11805120239.149017,12994542328.882324
CHD,6744743505.927383,8168164370.100597,8938164585.180439,9450094408.518494,10898468669.542717,14520373474.992977,15735019753.43509,19740730171.74836,23471146207.974792,18680169126.510063,22176762829.731285,24829471692.374016
CHRW,5215127020.337898,6849467342.241524,5811242432.739876,7030768234.579071,8757745726.54831,8439824837.297058,8042370097.482178,9888229253.756866,11588044712.67398,10070623892.016525,9758157761.991165,11991632000.69986
CHTR,17698024183.29312,21562187931.03833,23694855704.452087,37259546396.39459,43476369495.56708,36877787186.99042,62773893521.60541,85610764497.59583,84371020559.72998,43882716800.45209,50298831429.057495,44357646962.08624
CI,21454045485.535217,25250954698.585938,35916667020.473145,32749911993.160156,49875788429.7406,46652291177.0166,50243559244.65222,51160662952.537964,57448228149.407104,84263961498.45361,77545675488.16357,72684512258.29272
CINF,5813377492.638016,5965950604.744778,7101059920.309502,9340511579.738148,9559025820.185955,10156876377.842033,14105080829.729576,12109908629.278564,16139613566.140755,14866156733.934837,15460678542.723083,22029144595.813385
CL,39791775426.71205,43134735317.377556,42460755510.45046,42647487656.895836,50274552461.79293,40626132465.92329,48181001840.92987,61271131939.60922,62546370316.74504,59143643716.64635,61380899495.9886,71549345519.50351
CLX,8033625043.481606,9313096588.605392,11643760144.807358,11295068354.157188,14360139931.647713,15301240444.201698,15642479698.268677,21032709186.803055,18613957169.344177,15449555973.080711,16220239272.026138,19094106009.826843
CMCSA,72363059205.02916,81819632414.5832,80936759005.1085,101160195237.77724,118819444993.2872,103716583031.0137,139024330756.4661,165625898105.44904,161946125490.5744,115503195031.64365,149087835675.75198,131435303186.66043
CME,17803248946.626892,21067376001.82939,22679259960.905365,30374454363.424995,40199092576.19798,53121213399.14531,58255979578.805695,54560304128.50955,70639081704.70009,54471002316.05823,71530960859.70148,82554617588.03896
CMG,14089664920.108795,18102250079.889297,12689902127.410889,9978438792.011261,7643560300.620079,11418928830.579758,22137843857.44095,36672321878.097534,46233450471.76361,36692949685.26077,60479938680.44281,79733362391.18195
CMI,14151443547.057419,14756781255.45922,9272007546.492683,14897928463.440926,19774935939.229828,15411661501.16784,21273879142.564285,27763171158.179184,27296980758.12799,31142032652.34018,31677424424.039246,47175427036.97928
CMS,5649514920.812435,7603956557.317085,8159703718.493347,9698106974.486456,11349793142.268486,12286496074.939175,15977319349.101143,15927442966.717949,17474681159.1259,17505863765.661488,16593596359.775639,19680298279.159546
CNC,7243746618.749619,12761035887.500763,16173399190.002441,13887840677.501678,24792167245.002747,28336013449.99695,30901736135.002136,29505824940.00244,40501083949.99695,40309392229.99573,36475550330.00183,29776161339.996338
CNP,9934244490.412918,10446130210.254911,8610322973.891457,12130679734.473965,14506528357.196035,15044315845.746328,15137272319.499641,12415441666.46815,16439421307.717443,18084109217.16179,17701097264.68325,20228125148.963024
COF,39268379898.96145,42987444769.4714,38297619262.77424,47397642943.134346,55124198393.34408,42574556474.54315,59015486384.32476,57447110356.04111,85780093296.84677,56106308643.756294,80971950486.98517,111936423940.32082
COO,6139072943.234381,8038672904.966942,6657898747.146923,8682205909.231564,10816974943.270138,12638135160.108105,15958069861.44239,18049017266.63109,20815252468.607567,16432320570.230743,18809312137.153336,18276504168.201668
COP,58904169497.02263,59794232259.5129,42449941606.09341,46750966489.645004,52336074145.157814,60515589575.95348,64527341822.5975,41274481025.12169,77018714658.53024,132234806522.54868,134857181813.30872,118448655095.90912
COR,9866628662.941116,12822081532.344246,14923125384.044228,11442714042.153912,13675499505.581223,11272769885.011948,13923253226.269814,17177179105.466827,24750357810.69877,31250344817.709763,39165858385.803314,43226916024.15457
COST,42032656632.14264,50632710298.49396,60225058342.56592,60392325751.59851,73903326202.58752,81736553302.75085,119090757072.0769,157993322144.9795,239867374870.72852,194173097040.479,289325456805.2578,403963878014.2969
CPAY,8196985293.422974,10403462977.449097,9999104431.691895,9900464384.013062,13462028203.691895,12992610245.718018,20128331957.718018,19086655479.101807,15659410998.845947,12849895213.691895,19770845181.38379,23675206250.898193
CPB,8879821669.533623,9287898256.62584,11389627708.5817,13398162558.950878,10946720827.317158,7759086828.335438,12041540203.467659,12127926601.155968,11256436754.51849,15178514124.433949,11922513039.065918,11932807679.32259
CPRT,4433891410.487257,4414534741.467233,4598422866.407767,6703462814.457524,10450191320.985437,11560781302.070389,22003715083.609222,30789231022.875,36685760765.031555,29465717221.07039,47423884326.0,55544014133.14078
CPT,3838950286.9966507,5177559585.746498,5588242783.423233,6667513465.29808,7556536095.124512,7482580008.996506,9293799941.667023,9081823448.811722,16636212512.931519,10717039601.672287,9898515891.603699,12007634143.915558
CRL,2610388626.8981094,3132072544.4012604,3956431683.6512604,3749726855.6449585,5386633150.756302,5570207022.79937,7518155079.611343,12296977614.09874,18543405103.30252,10724050830.512604,11634537044.012604,9085176246.987396
CRM,51993946441.65039,55875355438.23242,73859858703.61328,64495479675.29297,96309858032.22656,129038068359.375,153221520874.02344,209643281982.42188,239413328369.14062,124911723022.46094,247901578613.28125,316728174560.5469
CSCO,61222541390.56988,78350061696.66397,78835470387.87451,90766149976.00249,119147196041.77324,138891771634.75385,158076368680.45078,152565057195.5166,222380875816.82675,172428010079.97748,188456828903.3338,228024506405.64496
CSGP,7822921153.882271,7782658279.753286,8759993532.326925,7988636182.047377,12585417649.404549,14297238523.087715,25357318361.57271,39173093521.51408,33494714655.368195,32753024771.118195,37037873446.8091,30341472055.604584
CSX,14794074638.53288,19013947417.749245,13932481832.294043,19796954327.899567,30779601462.970184,35232537044.405945,41594499711.10866,52860753634.6936,66444428419.006134,55427531812.90679,62915436516.34984,59362271441.46275
CTAS,5222704687.287651,7042422875.203522,8268451663.441757,10629727296.134876,14490851527.644867,15800183520.543594,25554078184.45488,33920421077.87088,42912583512.04805,44187898241.21074,59575269465.76987,72825084137.9401
CTRA,21341294223.93698,16340666060.938477,9791512558.212631,12976967395.623962,15995518732.020325,12624881395.7016,10001394286.178131,9568740266.586838,11817085325.49762,16713290701.298798,18170792091.840607,18785433742.987
CTSH,21604310300.42753,22532842841.917343,25682133908.504585,23974837186.983486,30585702325.776825,27630126034.314026,27333923634.374424,36607412294.7601,40136076038.404976,26272596294.943027,35305001068.35221,36524891943.6559
CVS,65523338499.180466,89481334340.72502,92077437668.16483,75659670501.69424,71307540856.0073,66290124261.34678,77731863686.03654,73735686891.61612,114193786937.83337,105485489000.93452,92264290397.45181,54647890783.096924
CVX,150385186940.8532,139874943608.0885,117256249287.43767,160244105816.53854,177213259480.04144,159939547299.7104,184368188070.038,136520772904.62529,199649746474.06137,316369670135.35065,273239906970.867,276756805825.0626
D,33795501377.890697,41566303083.44037,37923845548.340454,44623630148.46463,49047239955.665146,45323952784.73348,55068800261.16158,52124968246.1756,56355116583.97643,45580842748.89078,36861470379.88045,44394297962.94587
DAL,15579112919.162933,28125554729.237366,29263748561.15735,28869209538.187683,33554037558.83606,30647956697.074585,36893178520.55969,25542512889.47113,24824710667.530518,20873586488.96631,25680568543.67798,39035498389.50513
DD,8339662557.042931,8833465406.063652,10333182067.507301,11892757712.265884,15204284050.89064,11683910954.139038,10046941771.471085,11381590523.769157,13136052090.415192,11381457867.855263,13015495035.17334,13150991863.368568
DE,19848480631.221558,19740082405.93518,17517196930.209717,24338235382.521362,37682777122.66943,36591563921.56079,43286168026.965576,68373767654.33789,88105866317.92969,111530739714.40234,105418802366.14404,113383619672.13623
DECK,2051601456.622138,2211434908.627862,1146526038.1324139,1345467701.819069,1949337141.375,3108008674.919483,4101745431.555931,6966116986.313999,8897964903.401276,9695917641.68731,16236702942.453827,29599317600.23648
DG,11546966059.36766,13533990053.480438,13923481265.442719,14530138093.608215,18441107447.726074,21676962619.419342,31584573534.672546,42921159091.40918,48505217720.06964,51207316781.428345,28607106839.71216,16270576400.430542
DGX,4665243106.256432,5973994574.831787,6474042028.236084,8539439223.405563,9321250529.962173,8031001404.47139,10531095239.187134,12017078539.301407,17768234477.28412,16383162169.597198,14736588155.901428,16470640599.285187
DHI,5724139321.009327,6543888957.392036,8367539872.900425,7223905902.407822,13657195915.680367,9387402628.53389,14483823587.537254,19152443775.280396,30401369129.617645,25284211007.857193,43507068819.51108,40356107464.028595
DHR,22188232862.285942,24758807285.789944,26997042224.409157,46724550436.538506,56075604006.068344,62695049818.85615,93762806475.80952,136271553907.991,202453434064.37213,163944945023.88205,161913252340.86523,161353397883.76575
DIS,123469193818.64127,154154131893.39838,174086052632.4187,175255864129.44864,183598376489.05017,190222286817.45593,253972457290.4838,318154757233.78906,271989120722.13528,152562556258.2124,159067312939.57828,197947782692.04315
DLR,10784889835.384186,15376422210.787598,18481793176.897034,24929749882.141846,29864707153.811035,28968057823.66211,33752612613.723633,40628508800.15747,53084329192.10913,31319837404.643677,43831164410.29895,59564666065.70215
DLTR,11507865272.163727,14355256159.74559,15750397008.224182,15742238107.806046,21887788627.051636,18422375427.193954,19183176162.560455,22036685836.418137,28661562029.284637,28849212070.448364,28973632578.560455,15285350577.448364
DOC,12199862912.009182,15591676092.035872,14343826221.601244,12988670885.523417,11988723495.58949,13629831448.007555,17603802692.900284,16250879518.348051,20108315760.36318,14573362413.44478,12182967941.222214,13253905755.637362
DOV,7187567850.090157,6552530492.371868,5738897396.113152,7194791122.019852,9906006425.461235,8805790041.551765,14599756122.561928,16282777435.784843,23729633855.772583,17954050860.560028,20686048635.94052,25515681231.23712
DPZ,2064867195.6287003,2827090506.548294,3378863844.5152435,4888719744.585693,5857783497.7369995,7753962807.838684,9276051106.706665,12209843032.609009,18118651266.984375,11255206060.53241,13584183647.507568,14015884862.126648
DRI,3922014562.1791306,4421846403.259026,5552967833.208389,6562964886.352135,8925238983.668518,9540016210.428497,10712550546.934067,11832245324.68927,15319817709.664948,14578359184.883194,17905981511.633698,21076095914.810394
DTE,7914313273.919403,10668494679.86029,10274592233.745361,13044201873.693848,14947429898.328278,15576335230.198883,18907350687.924957,18367516193.735687,21922381272.43573,22193176330.1127,21568880296.04718,24478562519.20813
DUK,32644758288.799713,41246146375.143036,36803138405.660065,41748117938.002625,47156919301.22296,50654021575.50714,55865405492.076965,58530986003.1806,69717051063.25525,71129837094.28308,69972968721.00073,80860647105.98529
DVA,4473921924.591064,5347243849.182129,4921525935.36377,4532519784.545898,5100850000.0,3633075935.3637695,5297117913.818359,8288440107.727051,8031456150.817871,5271701870.727539,7396056150.817871,10558230215.454102
DVN,26220201481.24695,26313534084.32007,14045451215.171814,20350092123.413086,18571327485.466003,10197952667.427063,11912260545.73059,7702872325.515747,22792155249.023438,34385175841.14075,26879918904.87671,20103456956.863403
DXCM,3452619033.00206,5367598869.0103,7985583317.979401,5820992933.9897,5595758403.00824,11680987643.958801,21328040369.925842,36049204139.98352,52354810502.835205,44165441808.11536,48397117764.197754,30331564164.181274
EA,5583693461.87623,11444864629.957664,16726740394.974762,19170518771.823364,25572044601.792015,19207031381.521965,26168387968.44139,34999413426.45412,32307753833.22159,30096499814.49434,33909061224.544754,36450239635.33406
EBAY,9322413787.841797,9534790542.60254,11093192550.65918,11985331481.933594,15234972915.649414,11331362258.911133,14797139297.485352,20887464447.021484,27949866165.161133,17757945861.816406,19116725341.796875,27677118484.49707
ECL,25968723785.629837,26308571130.198547,29129282480.953423,30221187126.90329,34997115213.1568,38871608320.22664,51413481493.64186,58183862077.048065,63644308018.16086,40033213329.24043,55223307012.274216,65876227955.952866
ED,12785102731.809845,15955825612.810059,16182890492.39273,19240787951.2511,22954545823.442444,21434711219.292328,26266769991.40619,21803147960.991302,26809440114.67694,31005963681.913086,30658006356.997986,31131913334.307983
EFX,7503441179.0284195,8903019494.687042,12401289685.034698,13312043555.57254,13438749845.859787,10756584328.73613,16383497784.892014,22772690252.950226,34806147907.47693,23287428370.86754,29850907586.986572,30946912795.90547
EG,5085955332.309082,5667833373.640686,6229797202.581848,7544947417.884338,7879369752.230988,7885340172.742126,10264076509.154938,8926408949.935638,10694124213.96698,13232390109.573303,14382824359.193848,15042491451.974304
EIX,11329066886.04657,16433029157.958069,15295501249.381165,19108052495.792175,17297525943.516907,16147202820.221558,22220323710.325745,19387364532.4021,22021731468.117188,21453730793.81653,25181590254.197388,29020486402.9563
EL,15974578525.895508,16348382893.610596,19125435333.333496,16849630415.972168,28422736461.8396,29382230883.69287,47112690372.66162,61140073146.81494,85617520748.5039,57952294888.53418,34694857019.9209,18182484662.56909
ELV,17388477484.263718,24033118420.76542,27127305556.164818,28523549680.302322,45272141214.507324,53470888501.9406,62205232022.06653,67022037467.17401,97930750700.06488,109513766120.58655,101969076166.7352,80842049352.39728
EME,1795356130.486969,1895897456.3337402,2061802708.7555847,3056467303.215149,3548156820.800598,2601462726.738678,3776909730.090637,4021443330.497925,5627075798.914185,6573028588.137451,9598558496.190308,20279193227.401367
EMR,28528312612.1521,25784042711.639404,20700149613.189697,25048491128.54004,32325012406.921387,28487220871.73462,37470639555.35889,40696347607.421875,48101047512.81738,50859933334.350586,52768935494.99512,68457785131.83594
EOG,33124877821.20104,36541215094.76032,28312605505.149086,40782948064.18275,43831669832.69334,35651146971.57111,34645256316.26845,21259866698.12076,40100609971.60465,62911354387.601265,61636774583.19877,64288486923.13826
EPAM,1930176997.055809,2637835009.5,4343174778.888382,3552652628.710327,5934714468.598709,6408696232.190964,11720274037.18451,19796192497.474182,36926928676.448364,18105215083.84131,16425839833.81549,12916829345.369019
EQIX,12947764666.021423,17192761901.84549,24465778470.40442,29528243423.168396,38149201606.70453,30361452734.37018,51268731981.19983,63686118634.02576,76599529559.07214,60416888996.14563,75765948694.1084,90503101295.73657
EQR,11206122346.587095,16020021481.958256,18733799403.859543,17881992579.906876,18274283114.748356,19567942739.97892,24688502230.492928,18860041817.313904,29673559401.851967,20041846716.427116,21713647218.086117,26232711971.927055
EQT,27969425778.663635,23612176672.19925,16285285044.168472,20468409163.8031,17849177034.606934,10920485689.203262,6353351012.25853,7450691952.347755,12785173431.406021,20154578290.66086,23419238783.042908,28434133628.807068
ERIE,2526047292.7890472,3245938938.5466614,3556763682.065094,4276513841.381653,4756903829.500305,5353287326.87146,6802706849.347229,10366748537.557068,8295579447.971558,10952656752.370789,15043400834.81726,18754873156.579834
ES,10665460336.332636,13931125437.9146,13752523302.388306,15370203031.541557,18132203641.766186,19294213131.55283,25948626510.725784,27103090540.107307,29321553223.057213,27838008651.18164,21316465219.309483,20791974140.87227
ESS,6379637708.875809,9442669743.865845,11224751517.408447,11215022516.282349,11980013874.827484,12558332235.402222,15813484034.902191,12952490431.933777,19739669610.253845,12285995873.880219,14985671828.176666,17736989123.90497
ETN,22167822137.45117,20345229534.91211,16126898600.769043,21580583158.87451,26229161206.054688,23190353173.828125,33107632989.501953,42999585848.99902,63081307769.77539,58550470288.08594,91469740893.55469,127610640625.0
ETR,8710068123.422379,12609268614.39978,10321094084.315506,11615845877.43486,13464086408.226257,14891690831.074799,21490104549.271973,18539632010.040527,21713597215.318665,22485039259.62671,21116501461.45233,32932419324.17163
EVRG,4795684217.6484375,6388686634.839844,6827383492.40332,9340021352.296875,9017532387.00586,10004332795.68164,11843119794.392578,10461017328.738281,13389321322.904297,12734310866.759766,11043594952.611328,13629588191.003906
EW,6360088022.136688,12319768734.359741,15277365316.009521,18124703480.911255,21801870822.906494,29628184050.369263,45126063986.206055,52940770948.028564,75177866770.93506,43296183354.18701,44247875000.0,42959608291.62598
EXC,12833213044.025814,18034997607.996002,14039439914.073418,18633279581.406395,21443968071.49601,25374332525.401497,26459210811.26612,25436550635.110725,35988333946.99864,38971999244.0766,33530191667.327454,36620777032.017746
EXPD,5105236629.205006,5219612806.658577,5356915446.780621,6390791346.280415,7920336203.024223,8436723026.051334,9801046430.794975,12101349166.844841,17244945340.704163,13505943166.047783,16727795222.503471,14744096894.969368
EXPE,7620896364.311989,9415030271.631592,13816617842.034119,12704604136.255852,13551266547.224327,12878973278.708382,12505577497.701004,15367950266.337296,20976556238.4993,10167918138.663643,17618589312.476578,21627720886.84401
EXR,5840526005.097847,8408859446.308594,13053656909.259949,11854689321.23108,13968318773.196869,14985980757.838898,18089152693.51059,20556150270.68695,41314207140.49408,27756209614.732056,31603543536.824646,30714374635.93048
F,32480280738.15602,33681020636.447495,31861133365.636883,29342288141.367916,31904663695.35344,20946044085.20117,27154395470.598206,26101773649.542576,61986749099.7706,35840588547.53111,41510836681.086815,36072214092.57783
FANG,11716439873.740288,13245249410.625504,14822807125.551796,22391524665.79422,27972784452.34433,20602392207.11032,20791237839.604156,11227172117.479317,25542919494.793625,34569171489.184525,41365622797.51886,45645551064.270905
FAST,9951809992.75112,10184621550.315742,8981555821.546385,10646221083.678215,12739660568.494839,12534870657.661854,18184991101.625767,24841120851.909615,33301308612.08292,25195881424.851154,35603318532.31502,40418947022.998184
FCX,46002864936.62773,29528750791.10771,8817797915.792332,17179727395.600967,24695042305.05535,13556046186.869392,17566999336.318016,34968656086.22513,56442936004.103546,52297988806.32683,59455468616.52092,53859050691.901474
FDS,3592036929.288574,4716490989.238037,5505326433.443848,5601507362.693848,6690514518.089355,7026381511.398926,9521332448.096191,11913700024.171875,17571650760.4834,14628507930.424805,17552128854.785156,17836212266.006836
FDX,28890905677.726624,35070658986.06113,30266908089.232376,38157327688.63306,51593643924.92091,33704176017.89772,32093867126.122223,55930495649.043365,56333419409.968216,38510393185.03264,57429973593.61484,65179383738.21106
FE,11513993024.190187,14224757570.236673,12063034667.42157,12297334480.254879,12741717432.579088,16290657193.379545,21850898605.889397,14381850278.510056,20394196125.066833,21370463341.429195,19476084623.357506,22055233604.662914
FFIV,5241168275.20752,7526031550.415039,5593040587.188721,8348028550.415039,7569294550.415039,9346538449.58496,8055570247.924805,10148923100.830078,14115852027.282715,8278230523.132324,10324282073.547363,14505795550.41504
FICO,1485237432.6717072,1711125833.7961044,2230990716.84404,2826157944.008232,3632225928.0457306,4433591789.0,8883305556.309753,12116271581.471954,10281902730.848785,14191761758.443909,27597568030.003662,47203054217.14514
FIS,22784617757.672012,26851952035.72342,26582957816.198593,33666700098.21472,42432341237.43106,46811359077.54437,64219590955.85513,65960585217.12738,51514539358.7944,32731191109.04573,30043026813.30156,41147204359.89511
FISV,15880076758.500788,19085674538.47374,24595966546.300945,28581448946.90126,35264260284.26996,39526734026.65441,62191812216.55567,61239816182.09874,55823647844.14811,54360690054.95063,71448242699.40756,110485533642.70378
FITB,9405179720.908468,9335936428.356953,9450906316.48948,13028366113.410402,14985116681.182894,11940827463.192873,16144023038.073118,15268174375.156797,24804175139.413536,19362471347.483475,21378338623.699875,27192684824.96314
FRT,5754542531.228531,7781104357.698189,8741369864.729004,8722184339.722755,8409273159.243301,7728089938.776329,8695089368.286095,6029536153.298264,10007058346.194603,7739252150.810394,8246306443.197395,9241755395.259224
FSLR,5863316758.744308,4785942924.860771,7081263995.35508,3443518261.063923,7245445320.093697,4556303568.616463,6004963472.116463,10614921111.232925,9352977962.53415,16073685719.937393,18487046400.488617,18911987359.301224
FTNT,2845197619.8128495,4560050138.769661,4635902421.054789,4479736291.266865,6497997052.866568,10475027493.839916,15878373740.587032,22090810052.77805,53453423529.269485,36356955252.89322,43525722502.28644,70259875173.3373
GD,19862405037.00534,29249350064.288635,29766814374.15393,38237342333.66016,45829166879.62973,36048804552.10077,41382281899.91315,35944611823.62607,51679370751.06598,62887683314.32999,67368984579.61023,69741532020.17609
GE,117033137296.38687,109234232484.35776,139305981438.94934,145737761409.66467,83192661011.84796,37112421768.37886,57129606493.871414,55567279273.520035,60949122173.6747,54291510690.73341,106255175068.78479,175135613100.97174
GEN,5325206687.009475,5950594423.230063,5002637254.178419,7199746023.704472,8545075426.102049,5833006331.119897,7999260356.984711,11547387080.035683,14733534450.3435,12403449328.606394,13555516205.544899,16592891966.293037
GILD,65161029176.23775,81785333438.6465,88845172682.25839,64328772743.34093,66231190129.58646,59661145401.60204,64362830095.662964,60050258697.670494,78038276898.11032,96478392725.45541,94555780408.36523,112221181393.91013
GIS,17594767457.92971,19402055809.72094,21641857821.9226,23872958934.54055,23717565670.155807,16229896246.03299,23229540026.22265,26387925878.665947,31276553576.39028,40062868890.18077,32064149809.311493,32527745378.31434
GL,3750642887.889099,3936911665.54718,4184107376.78833,5450798107.1762085,6755215835.583496,5591246419.935608,7958707558.277893,7248569914.419556,7213461176.622009,9354867035.595703,9520620945.758057,8803637319.709778
GLW,11206453980.541954,14704302814.155663,12009927641.676403,16361417415.150162,22027899689.077972,21304500219.667793,21086359717.911476,26900817312.41432,28493804205.108917,25198894262.226257,24888540029.218338,39981901716.76866
GM,28487834224.616844,25193680203.44021,25576151416.03514,27483219423.98562,33670117472.56046,28600614630.97872,32609951404.799404,37553083609.7788,52875532639.09443,30475164303.25562,32889371378.216915,49282373980.41848
GNRC,3323865462.4220886,2744066827.6607437,1747024671.6834335,2390788947.3392563,2906034975.1834335,2916598124.972389,5903029984.032532,13345343663.967468,20652097294.71405,5907138298.467468,7584329012.201202,9098964612.389557
GOOG,149900445053.1006,140957992595.6726,203768783985.13794,207243327663.42163,280971496906.2805,278074214996.3379,359006574806.2134,470401657119.751,776965092422.4854,476502311790.4663,756829347198.4863,1026385078567.5049
GOOGL,162052752632.1411,153311581821.44165,224772827369.68994,228944660774.23096,304335016044.6167,301896637878.41797,386959675598.14453,506350697708.1299,836976240692.1387,509805978576.66016,807149491699.2188,1097768516815.1855
GPC,8290811529.7966,10895011203.395844,9027489462.875366,10318393341.236115,10571225231.578827,11005769363.483429,12552058689.491272,12276658701.675415,17603464144.92798,22325063771.095276,18278747385.82611,15861656811.18393
GPN,7322301683.901627,9105906356.528458,14563506290.588562,15679078327.765045,22653976056.43698,23315107158.845673,41326491838.53424,48977219616.45941,30899602977.832214,22893344197.328247,29536168188.433685,26296990280.05371
GRMN,6225738061.963142,7367848500.330917,5443327622.385853,7435634956.348755,9487942365.070816,10421199496.834785,16478938083.17134,20740209388.797134,24038515354.07991,16779963067.702377,24014998831.85582,39205306040.971344
GS,42417962651.719574,46992874708.01799,44272168522.47296,59733374342.73094,64353191467.23511,42778640232.77289,60094994692.23619,70583801716.60403,104189643576.44653,95988830324.36917,111256397911.76398,169144559296.40198
GWW,9981841875.278778,10133896581.136642,8217498534.960846,9636761645.828476,10055535511.739502,12236198198.207245,14958613953.957642,18376399583.886658,23668363053.244537,25738739951.42267,38745634137.20178,49674633324.36951
HAL,34406030613.0299,26976530489.783554,23757346591.032143,38406980403.460655,35265639517.656555,19527590481.88011,18571133709.27267,14628884023.074455,17846115906.983337,31133163095.558205,29117996720.21221,22364834423.84426
HAS,5221171744.429268,5386827291.468582,6771346479.328007,8015724579.819824,9585404546.320297,8799365394.172356,11738885971.743782,10750106974.394997,12029424252.613922,7466818400.476772,6574645841.419579,7545124664.840172
HBAN,9675309432.51032,10776121980.99697,11585555134.10812,14239545229.119747,16090509829.263622,13635784844.000347,17964124027.200645,15976770723.335255,20299047821.474064,19411998036.05199,18495676784.00329,24731291829.29638
HCA,10135242723.305511,15590555374.619293,14366934528.728485,15724391570.516205,18660234439.157104,26753368781.423187,32169525022.4823,35993102957.18994,56718562526.99127,53518732923.95325,60922952263.78174,68083629212.53357
HD,62378077086.02685,81239549850.36891,104412271284.61638,108109999931.65012,156340937735.01904,144935045525.88565,189226956652.72733,235590686348.66043,375781363341.98236,293198870804.52405,330638628710.6295,380220354007.04456
HIG,7895532914.928139,9247765028.907883,9814330428.982529,10973335959.844193,13194967848.381638,10656335962.206161,14888494590.999191,12360115016.783325,17827060184.65207,20022349637.21408,21733583275.90454,30109967692.169006
HII,2865501889.959137,3614471625.8984985,4133047032.502075,6082747405.782806,7875867056.522736,6441424866.573486,8631708354.604797,6002690952.447235,6729879584.822388,8501719308.149506,9790540186.667908,7277736372.734985
HLT,10035726822.576653,11767733407.895195,9707222757.934044,12493096684.79879,18046308706.522858,16350061513.922745,25421168742.884598,25540525136.9489,35808613531.9328,29105987518.52751,42110413372.42691,57317889138.737976
HOLX,4981931930.831596,5960485745.701042,8624202965.206253,8942957509.27153,9529198497.0,9161404530.673615,11637881749.804169,16234188163.391663,17065623711.477783,16675539562.477783,15926577860.347229,16069237070.216675
HON,40670131892.29852,45366874121.591675,47998983223.19672,55171089024.53192,74535977159.18567,68374618458.06213,93464772686.54382,114936217081.09729,114597402609.4696,120215867647.01404,120238633530.47961,132281262752.8302
HPQ,8257761070.815991,12056911875.583742,8044191160.977087,10469747170.920153,15253547707.258394,15221628414.922304,15811120908.63264,19622422402.459633,30856007652.17855,22709214436.172737,26362570343.24685,29552920014.020187
HRL,9409817875.097883,11035532122.97671,17046068930.552084,15235912688.025164,16259424138.08959,19460900555.248913,20988489815.666737,22119580190.49036,23665844438.900024,22559654048.06552,16357954054.511656,16556183565.57233
HSIC,5274994581.5137825,6285581555.703117,7303092963.788071,7003933528.201988,6452242651.5137825,7250001296.1048355,7854599266.74704,7871080667.87352,9127204143.00296,9402680658.43084,8912945030.18972,8146556285.1324005
HST,8461491984.807438,10705786427.91113,7226647939.147393,9349150482.800224,10304653468.393805,9052463327.56949,10559373947.01818,8478282590.440756,10077742225.402176,9612555486.06316,12266153241.194916,11594122400.148869
HSY,10852540437.253601,11846174908.5802,10421785568.183533,12376211266.457886,13902418847.1297,13497049580.089417,18923214100.738403,20039113436.13391,25967223522.67456,31644269824.26709,25986866389.653076,24296184842.285522
HUBB,4513382288.825195,4506604175.885864,4357909399.303467,5158391278.821899,6129599538.845947,4621402711.299683,7065226456.4646,7693078310.071533,10431628126.682129,12005057753.190186,17095382862.635742,22043000656.9917
HUM,11323761839.531311,15893589692.340332,19878024136.77173,22830333750.620483,27990904682.11383,32545658026.552612,41963258009.340454,47296169074.45007,53822205270.8855,59825350193.295044,53880044107.72461,30196998603.315125
IBKR,2460216855.0368147,2996760325.6366415,4528851250.036795,3834231896.08123,6278497518.440917,5830798625.243802,5013813999.84611,6603795887.445021,8658667693.446253,7935320320.643751,9136541242.472366,19591401152.715908
IBM,103640256441.15678,90802195544.54118,80430472911.68774,100707684477.11797,96691622106.41116,74879919240.4329,92533693528.94046,91457883708.6438,106688215487.35716,118036634858.43796,143826175449.85812,200307396232.79288
ICE,22089269629.77417,21815499342.692337,25805848963.395042,28772668166.407623,36427632793.58949,39381273316.004715,49018118794.830055,61837462296.28086,74168204963.9257,56431114668.02368,71737402874.14185,84261321204.20197
IDXX,4246893095.709114,5919778520.130844,5822758837.387848,9364165201.044388,12487151375.299072,14853944747.761688,20851578192.799072,39915283937.20093,52578908506.345825,32576147904.476624,44321479741.75232,33013734070.149536
IEX,4713988606.694824,5043196609.621765,5045046259.609589,6028920715.497528,8954859702.950684,8671888952.328186,11962417993.833801,14022314766.25653,16800879650.187744,16427521033.133423,15803640202.538452,15431478518.60376
IFF,16767413743.73333,20110529309.657013,24171969896.646034,24268570704.40161,32026339863.192635,28792562320.407684,28304288720.364517,24529547826.464523,34720508080.05974,24877649533.762947,20033189656.871086,21288091612.64785
INCY,9939818662.58527,14353152936.155869,21291196541.220657,19685276770.767723,18593723021.391197,12484160713.726467,17142898366.047066,17076149365.982277,14410086699.764671,15768639445.047066,12327102701.108803,13560009036.297066
INTC,92085843143.46313,132809892826.08032,129869565868.37769,141241449737.54883,184842867851.25732,192655311355.59082,251823570899.96338,214833853454.58984,227836717987.06055,121567565231.32324,236524758110.0464,95638496360.77881
INTU,19225521679.6875,23465839233.398438,24838056079.101562,29847166040.039062,41551539843.75,52296082324.21875,70136112011.71875,102484428222.65625,174495288281.25,106232998242.1875,171838899609.375,173825830078.125
IP,14757367099.666471,16843477401.20341,12257836539.578074,18010994525.42583,20376601915.256424,14727936069.966433,17595491474.13535,20030850263.353592,20729026964.010685,15952054194.740236,17580065916.306118,27305483309.2906
IPG,4231032596.0709,5065301583.039207,5807387332.712477,5994149144.595474,5333390518.702921,5657142893.504288,6616358189.911732,7093338347.490223,11682282775.475555,10768456574.01226,10942362288.747963,9797381360.801388
IQV,7891702025.985718,10025560818.099976,11692798623.657227,12951315519.714355,16672370259.857178,19783750688.171387,26313052064.51416,30512650688.171387,48048444494.62891,34892766896.05713,39404014831.54297,33465652064.51416
IRM,4183041654.868572,6195880205.053581,4604802486.783557,5869097782.3661175,7252113904.7882595,6674092705.421007,7065959864.800005,7135564523.651396,13397264650.44035,13386870577.228535,19615422540.94043,30301912221.188805
ISRG,15128317079.91521,20834127890.388725,21512397241.73202,24978974885.034256,43123265915.362976,56591752877.35277,69853452266.48616,96671083434.44464,127370434701.55536,94065535134.22232,119592789994.46643,185032778052.30035
IT,5121081372.21199,6069616314.461403,6537396831.53801,7284837023.153801,8876300516.730995,9214341952.845612,11107088484.42398,11546038033.519592,24096831644.308777,24228012576.117554,32514719825.132446,34919214526.134796
ITW,18590257024.383545,21376438316.345215,21404013663.482666,28902248318.481445,40152410069.2749,31277369029.99878,45540866180.41992,53020630952.45361,65531180172.72949,59988953709.41162,72925087101.7456,72220371981.81152
IVZ,9726647688.945007,10839011495.801926,9448146271.194649,8896931558.619118,11091761794.06128,5318990807.994747,6112240830.049896,6298997358.330917,8539103653.005409,6941765947.225571,7231790976.091576,7450506126.771927
J,5741208783.959587,4073259243.158867,3823522431.4965363,5195250469.9422,6077651908.183319,5434827574.705513,8423539465.37059,10307392290.609604,13255218472.982162,11516661052.996948,12555594818.61319,15598027495.833527
JBHT,6561491486.3517,7226241538.364151,6357379942.780777,8504763155.662643,10171562946.700958,8299063574.1861725,10520762747.589386,12426081327.99939,18718756353.94153,16112696070.1044,18624242672.519928,16063211181.700867
JBL,1669308937.4991608,2124238354.8050861,2299466194.152254,2375545574.3674717,2664753304.996231,2547254608.906374,4291847996.2549286,4458670481.146957,7419242215.566536,7230375237.730438,13551765024.993584,15347538193.395508
JCI,17910286388.258743,19459404443.80002,14436204320.526552,20515236264.87316,19465941402.02382,15602026758.218422,21984200815.00374,25875495382.43946,45908055147.821846,37052987561.99243,34226296322.51896,47847433572.52979
JKHY,3702614444.055359,3944577162.2320404,5028044418.134247,5793901180.603882,7725982744.152466,8450823111.146118,9840192145.370667,11057741693.825134,11534904413.994995,12254242723.010986,11560654310.383423,12560836123.936401
JNJ,159092700836.99283,186675133624.8637,188807273029.62897,217749897307.3512,270935814589.93106,257032866473.9077,298723605081.04553,331056543134.4261,368923055153.2698,390965811330.0029,357427288271.01575,340229812182.37756
JPM,115173334521.59357,126555683665.73306,137151648095.55078,184518839644.08234,233893697558.25507,218401131532.9407,321611077405.65753,303810574116.7988,388105187650.90784,339043924084.8201,442881827114.5905,639026026080.2922
K,13545261568.55793,14948807332.144592,17013120352.475166,17821570240.506466,16943797685.495682,14687048233.229027,18517057230.076653,17261214006.642105,18545215001.0889,21206981106.558517,18418680893.172203,27582686200.259583
KDP,8078899179.215729,12213523348.690868,16272452649.48666,16203898732.81598,17785050490.30304,29517994182.257652,34071471497.51544,38510315252.05135,45247554384.31502,44692992054.867744,42799638886.16562,42349609262.52603
KEY,9460447610.088116,9983706043.83683,9673010013.901937,13749107620.003664,15500242309.034374,11685780173.543056,16677990700.705751,14259467723.146038,20807586934.149887,16294846180.902885,14416759607.736176,18070668535.28647
KIM,7704692377.178516,10205677755.086285,11169359347.008286,11019749381.018013,8411747973.383587,7296271597.701389,10925850653.60437,8309979897.898254,14083575590.928917,12562911423.578117,13323159550.318817,15323640182.770485
KKR,15327153136.66357,15947333734.007511,11492734339.185104,11898070556.299667,16868687491.665401,16146455388.68208,24472886459.287357,34537462459.80644,64157948524.25362,40432777292.22954,72974181258.66615,131095133607.84576
KLAC,5361658866.320847,7477290331.866829,7629083407.405266,8921934913.618881,12205641677.679382,10681215085.272308,21788370624.652863,32234169759.60324,54168600482.64441,48102523225.63037,75063703296.71667,82091268687.2655
KMB,22489770634.230507,26741901607.962326,30420437966.374863,28082346617.230263,30620451329.581024,29989912227.668793,37359824102.001884,37715580927.205826,41360471147.94846,40707188178.57527,37825791080.46288,42284047372.87796
KMI,43714380927.43397,53850978552.84224,20049583255.326202,28616405280.08319,25593341600.612297,22730752461.94498,32829403539.2965,22730058667.076958,28129982939.90776,34103577970.53711,35506486357.79354,58385282338.73251
KO,122794864503.42957,129261398004.1263,135905193351.5489,135419854435.50061,154896086534.37024,165387969512.27673,199456933418.8927,204381768826.13748,227625067461.46564,251775113157.787,240610086419.0483,261970266121.86853
KR,10439608007.113583,17204700668.963516,22660053744.59796,18944400345.886658,15351267488.94249,15669868422.372192,16907813276.572227,18919018797.624687,27510165405.011475,27629925461.67308,29007862554.34984,39715956177.03978
L,9402944865.974133,8238307396.340748,7577713228.681812,9298991502.619179,9987007417.022377,9132975782.65078,10585014191.173557,9136394040.86959,11775890103.679794,11942079259.258926,14304967596.573128,17465180430.298706
LDOS,3438480060.2617188,3327544687.1960907,4493184757.134064,5703318372.302414,7365439510.132614,6134217478.189758,11582820960.921997,12620004489.280365,10828408919.917084,12998938532.832733,13584371086.985138,18274274417.32245
LEN,7609164638.826065,8654809932.505646,9477828153.64502,8349356156.830978,12547247499.638176,7790689122.146912,11137380196.827965,15366651706.828308,23663458292.131577,18778245156.3649,31344880299.29367,29049364209.85031
LH,6233014656.066895,7360647434.997559,8434388130.187988,8757738102.722168,10881340963.745117,8619938483.428955,11540321078.49121,13885632359.313965,21434558020.01953,16202980575.561523,18442928810.11963,18852351286.315918
LHX,10248617095.782188,10805050508.788284,13402637891.063232,16177281285.062645,22778098142.45089,22009105324.717506,32839217136.043076,31934481423.557602,36718922546.329926,36541622500.51094,37882214522.60989,38594157592.02425
LII,2592271456.76268,2935437350.345749,3903102502.055847,4840940857.873657,6652901516.052307,7074018936.743469,7977898730.71698,9078203443.3396,10867107985.885254,8156362334.829285,15460240287.247437,21221933721.548462
LIN,48881838652.05299,49681564220.47539,40255791516.61194,47303499113.10234,63927272187.73224,65852545889.57901,91562624584.01291,115258074008.1929,153743547958.96942,146988506389.9176,187640893843.7497,193610552620.80872
LKQ,7560009651.957962,6461625251.3256,6808603584.341492,7042986519.2178955,9345456126.457626,5452856878.77198,8203412485.002365,8097709726.161713,13854347549.85205,12574055667.126686,11497672250.866241,9092890059.547943
LLY,36247426587.45238,50657080397.76112,63520199264.219246,56933871277.20223,67087641657.480705,94227792154.84653,109436098204.45383,143404904765.37793,238164250876.2174,319748155004.9292,514503641087.18365,685838823267.8903
LMT,24941341165.29483,33361837968.92273,38761327018.798706,45882395050.749756,60457377297.41138,50575092639.25952,77150594232.97546,72140932225.71997,74414566691.80676,104534356859.91809,100030354965.58911,110054996440.43909
LNT,4502565356.284132,6006358462.161467,5848676953.502272,7336513048.419611,8513852264.2161255,8715610933.979713,11628909283.087154,11260950788.79087,13835373725.27489,12806314688.168976,12314819531.193832,14720942236.491417
LOW,22398633522.906075,31627585993.434677,35471976279.167465,33740732320.795956,44972999770.37006,45520222514.931564,60193380868.0957,82104137970.8448,134111816560.38277,105297323361.30295,120075174278.67256,135693637855.39055
LRCX,5822854657.588005,8547725339.736938,8676187472.510338,11728350937.490463,20666167206.09665,15623462663.39302,34267479497.203827,56260474048.576355,86451349356.30798,51245649314.53705,96664182643.05115,90047735670.24231
LULU,6698020741.949158,6330384398.663132,5953670401.050842,7374290406.786026,8917456148.847473,13798853521.275421,26287150349.173737,39490296439.94916,44417082084.00842,36352904665.20337,58015096615.355896,43391329653.15253
LUV,8577760270.186615,19411982039.638367,19885266214.071045,23225140618.16803,30749711127.388763,22074181354.14383,25986101749.13681,22524516061.697083,20702648378.02002,16271196677.38823,14347272617.83165,17089368943.76007
LVS,37755071298.42503,28686926635.167496,22815259963.189648,29343783819.78469,39954757485.76131,31317159016.62398,43699792601.4827,38477209259.508484,24300037822.648117,31033547444.144608,32010651845.212994,33997098672.835808
LYB,14301406483.59526,14553554875.857193,16340432124.71846,16815030951.706512,22485598524.85437,17607491363.55414,21024533176.106506,21580394661.695984,22673697458.444366,22451405416.099365,27098844156.574036,22388087754.785156
LYV,4588454773.868479,6062983580.899277,5705381127.925362,6176766058.780798,9885147573.925362,11436305414.75,16595995166.548553,17062736249.071022,27793125340.347107,16194272389.727531,21734785164.87681,30071097486.5
MA,69216201717.31412,71794813620.8133,81710441693.2655,87354290346.65662,129009676387.33246,161665783654.0901,257304072388.41815,309244286287.192,312833335772.5974,304516494542.64166,375785244707.2798,466628764058.03046
MAA,4621680103.056351,5934703174.628891,7504083737.783005,8374663024.309891,8900294587.591751,8805854377.837189,12549762642.28395,12469260012.03093,23176916451.993073,16282072782.507935,14480147327.55127,17368169585.303284
MAR,11745810397.715492,18798381873.37803,16351614690.272675,20500126411.75583,34078769823.879547,27587644304.569664,39033364705.94475,34140722989.44275,42763895248.686295,38769832400.42709,59340101424.61502,74130406258.77945
MAS,3473481159.2303486,3900929164.355072,5058702077.210825,5723745366.670578,8044562337.1212845,5414278146.622416,9002396602.157429,10423135303.07079,13509241200.092285,9174005521.002556,13445434440.671455,14795974138.701508
MCD,50920807282.920074,50869163704.60625,66348186668.13698,70465839734.88579,102210862075.80414,108117757307.15332,123223381714.55154,137143686841.80374,175253322453.82843,176143841389.71863,202674611845.63446,202951493145.04242
MCHP,9367259949.80391,9742592012.959541,10359982383.775684,14676211428.679348,20468287873.52601,17048700542.639683,25236467809.934517,33749014670.776306,43025966495.59343,35291740675.881134,46196803431.93889,30046311450.52205
MCK,18262488580.511475,23606442917.088318,22540629988.905334,16161028200.418854,18092057500.416565,12953082255.220032,16414444944.560242,20856252471.3974,30080394450.524902,45668436802.412415,56690261873.34747,70110909952.47498
MCO,12356215765.38086,15281675238.03711,16213522332.763672,15473756854.248047,24530683264.160156,23524139880.371094,40287457116.69922,49659415942.38281,67325469409.17969,48474118676.75781,68601648974.609375,83810112866.21094
MDLZ,35435618031.74438,37064935345.21982,46471078943.32501,46733749079.61879,45996625687.378296,44033380170.63277,61833361283.046646,67140737324.599,77799204593.88936,80071473800.39227,89017881900.31396,75400667854.89749
MDT,55382082727.746155,70970140625.74554,77090861692.91716,72899671781.6369,84487632644.50659,96826265194.96655,123296885270.67833,130322924495.54703,117569549556.21518,91056009910.92146,99776921997.4327,100052885239.97275
MET,21327847154.70227,21962483803.986877,20140320769.180527,23334203715.894196,25299545437.75122,21311001864.028015,27456489145.29886,26518564373.1839,36443733228.90033,43452434834.658325,41065259587.20154,52430185533.76611
META,118292409898.35352,168877839450.08514,226541342662.16083,249030967130.05545,381955705003.0202,283750265989.7356,444272961059.2862,591267227167.5563,728044827818.444,260481402072.92517,766162542499.3579,1272204365927.2112
MGM,6075916392.694244,5523089476.756363,5869251803.274841,7447644401.671219,8749164731.456451,6460003761.711426,9023770856.315765,8612810590.639267,12270842892.753296,9170670599.329834,12220267822.667542,9476998563.337708
MHK,9205200424.472351,9604566838.052765,11708347711.447235,12344489111.366821,17056513398.472351,7230626442.920853,8431197651.422119,8713720785.236176,11262615276.366821,6319379699.10553,6398510967.0,7364778685.262558
MKC,6996453633.115799,7703652509.449718,9051070808.133415,10051611088.664116,11191210934.368912,15557117503.648888,19236848501.981583,21985264218.781906,22571932536.672043,19716213675.971603,16624761373.47641,18947094463.4162
MLM,5464493758.802765,6109530166.766029,7642557876.10778,12508657192.433395,12580101685.160706,9869642712.021698,16203825176.367096,16620634255.462006,25946091870.10785,20047685935.28943,29794371496.533325,31011026880.97229
MMC,19167944347.944633,23180724471.7799,22936511566.559772,28562722770.549362,35053663512.0165,35003806141.551895,49822635886.02357,53238884289.984,80298638518.6522,77528207334.75,90047135529.90062,102424927634.73386
MMM,42612203121.13934,51136182235.87793,48113246975.66583,58561859075.85516,79002160510.9867,65651495705.834656,62834501747.83832,64571994952.35681,67704095760.26697,47645847398.06305,46060144358.47449,67305117670.55127
MNST,11035454709.260803,17643373922.623962,24256181149.158447,21660560433.260803,30917836827.56482,24044492722.086426,31044848765.695984,45177462667.73767,46916559239.56482,49598481433.913574,56286192850.086426,51352236454.69446
MO,30826065119.096924,41455542688.332275,51036455680.01477,61466764540.65454,67272424335.06445,49013163508.89624,52870517566.64319,47471644771.00122,58952586579.67456,61530339717.5354,59255413948.19751,83406284007.14136
MOH,1786150000.0,2751441937.2558594,3090682054.901123,2788963913.7268066,3941352015.686035,5973708062.744141,6974466125.488281,10931751623.535156,16349311309.814453,16973308062.74414,18571333874.51172,14959969372.558594
MOS,11905070508.810741,11741064411.5988,7284813117.645632,8065203943.52915,7227721376.0365715,8255267989.505575,6168369075.185686,6637299547.155081,11425819050.118217,12887977401.724258,10771409888.427734,7632462914.506054
MPC,9643381971.989948,9687341002.26516,11369877329.54026,11452255646.377117,15435423113.02732,14164568522.472298,15021523644.08989,10907884949.953491,17561821228.323223,32774369133.751213,42757478096.387436,41023138113.13965
MPWR,1490971966.9876099,2161080413.2232666,2809060307.9681396,3653683247.4746704,5050383630.386353,5276937482.528687,8168725378.234863,16949343966.61377,22964339164.855957,16585020939.331055,29815893976.135254,28160760343.13965
MRK,82415600725.25732,96370160411.75879,92623247896.68475,106566919193.91772,104982800577.82062,146927536594.3055,179650412862.9095,166706939535.71576,169632413028.04547,253467121197.07703,256026820555.302,239999376660.68762
MS,36572487268.03214,45744094082.34727,38086630804.3519,51825698224.46185,65614925673.35202,50681335984.495125,67240938775.27913,92851981963.45215,136170858206.5932,122092850617.39255,139099607314.3432,194365500814.18292
MSCI,2897272665.7865295,3156531936.219063,4861366282.081329,5377840545.022247,8745811929.093704,10315566282.935486,18278564230.91565,31875062437.1196,44031705647.85095,33756600704.19937,41487683748.74194,44519319246.79486
MSFT,230690235352.87228,294279076697.87164,361056527816.85754,415495779526.30273,584729632871.66,706326000957.2709,1112873690436.0095,1586224036202.402,2418626064018.668,1740811843654.0752,2753812278896.525,3109806565481.293
MSI,9252919125.092766,9383241625.416122,9786970904.988136,12126140878.749405,13513327025.002472,17518486010.378494,24909731282.914062,26741632946.70752,43295541720.55316,41644803180.49982,51239185338.69702,76408182897.79468
MTB,12968963542.05072,14320115537.34996,14135860609.182404,18682115099.74331,20802517173.44571,17768694316.717552,21615746744.974533,16826200892.51661,20911798129.009354,20296183720.928802,19954982964.09236,28268015904.735962
MTCH,4303278920.3468,3810579748.7838135,2974502707.313796,3753800484.5185833,6873186650.579887,9864760149.215366,18938402757.09565,34871478124.57759,30503034145.8983,9569532829.838173,8418605107.514248,7544454066.493303
MTD,4955736397.7388,6178787300.140533,6927898652.598267,8550529889.325867,12655830645.393066,11553920272.218933,16205477448.0896,23281891294.830933,34671360340.46387,29528294827.767334,24778885849.213867,24997880674.830933
MU,23829931999.885254,38357972244.705795,15514109511.968107,24016186840.06259,45052266264.211006,34764309523.86684,58922924143.02109,82369397725.78296,102309466637.07664,55318999925.245804,95110610124.56647,94196200061.24863
NCLH,16147983690.56424,21287839421.50542,26678088160.7322,19362100451.43576,24242461289.25,19298364680.84288,26591589863.02322,11577198084.20356,9442040217.65983,5572351561.15983,9123360496.36068,11713774983.56966
NDAQ,6269694045.150164,7662227279.792559,9455445555.404034,11108978575.504898,12970795196.564621,14035208191.845749,18790028552.113976,23674206352.472397,37908835152.35374,33666537124.809002,32433609642.55108,43736646159.93844
NDSN,3680233281.8905716,3902998907.5009995,3252328837.15287,5749650369.735985,7579831141.662064,6242332899.631805,8606897830.546463,10711663695.537155,13720395811.236969,12907216187.265549,14506016403.379547,11583672786.146103
NEE,32492092260.43872,41564184226.87747,41876241214.955315,49593962396.581924,66652272699.59001,76186036929.96236,108706689759.45465,141388608511.39993,174463098044.76755,159556896134.54407,119200144721.70534,144785925936.81848
NEM,19493010948.32083,16151389602.29177,15450301092.89199,29370553193.493256,32573432355.53945,30571144786.515667,39900401732.02066,55974068028.40993,60118331355.35534,47632619216.17311,43459536562.37885,40055725540.10733
NFLX,22286503276.348495,20678744538.089123,48466503199.104385,52458063434.12317,81339655213.88031,113416199686.60474,137107064717.42485,229124792851.90363,255273305096.6416,124950194335.33612,206306797614.10437,377681119975.6729
NI,4201729040.4889975,5570412383.268222,6710953252.636031,7831350815.7801075,9341378943.57487,9521166289.568552,10762184947.21918,9161307272.464771,11429177370.790972,11734047007.76067,11790444474.18557,16917515924.383183
NKE,40494226598.067566,50113532678.07077,65842920194.475235,54188296486.65683,67572711292.95705,80998162100.88802,111853696567.54626,157681795814.50754,187166505520.00067,132811211334.72284,124824348704.00394,88491140913.1962
NOC,13433376042.632584,17649995517.24369,23028391093.89174,28831740156.167206,38601326832.34784,31285534003.414337,44640857831.6709,40212859737.32019,51992766224.43387,74359480728.40436,64848060228.10745,66100754605.247894
NOW,11621038858.81918,14077619933.358345,17959598739.373352,15424174470.560028,27053513571.093338,36942082954.53331,58576180575.879944,114204044378.37006,134678317969.49011,80558842443.43008,146583607854.2434,219955294187.7467
NRG,4227617142.422638,4039079563.9825134,1816621425.7554474,1933938278.0084991,4519500181.262512,6308747760.114319,6352182146.508484,6216184136.448914,7368748849.336365,5639533698.180206,9551641481.086365,17057413267.430908
NSC,15977800420.825035,19293239712.50496,15366157207.209663,20203055611.688118,27647981080.801758,29091329779.676193,38513561306.994644,48051399739.266174,61150242416.085754,51617204246.83049,50773631634.884995,51561213732.490265
NTAP,6135630255.117245,6284558574.169098,4104739871.2680817,5605430468.522884,8965582048.391487,9832438352.628502,10563172590.127487,11718426381.807152,16695161810.879425,11199564326.189484,16928015914.940323,22711228843.301468
NTRS,8628497996.26276,9587162121.489899,10458111004.608753,13188987196.020882,15058991375.843513,12848255041.753853,16777995424.933983,15218948725.712883,20036219957.36856,15264166233.854141,15107957410.936844,18979758668.525208
NUE,9160096112.533623,8665026355.701092,7371776406.124832,11218732760.407745,12295810872.092205,10284099398.63081,11501932953.943935,11299185644.553429,24682673170.048615,28974438272.49215,38754114308.36191,26371342139.561287
NVDA,9178945326.060057,11693588769.882917,19541807206.571102,63893949667.21535,116279243924.61777,80447508852.48184,142346292450.428,316429577784.53827,713492038908.0048,354857807335.8536,1203028982715.6067,3263207709732.0557
NVR,2803813464.036865,3485138807.4591064,4489883605.0,4560934715.0,9587035501.639404,6659647840.963135,10407375061.168213,11149176510.655518,16147376179.692383,12604959019.794922,19130375264.487305,22350766024.631348
NWS,2931681909.716831,2479515798.151882,2312949993.493862,1986339964.5878868,2837129314.9797935,2001146628.5149727,2550344738.3274765,3174282102.873825,4054453087.775276,3357094202.1486664,4734211464.996574,5642217682.591278
NWSA,5887075268.570171,5125871162.4817505,4398371780.58185,3836182430.5243263,5511727494.017277,3913702018.9531584,4947860393.589366,6392433973.4953575,8003385825.117956,6597523257.299942,8999597027.07144,10172509508.254145
NXPI,10318172319.979908,17163259213.596275,18926762385.513023,22017940941.923508,26304262175.523094,16558287717.750488,29097157175.018555,36837936713.68063,53351489386.376816,37765149151.502075,56040542168.875885,51575121384.78096
O,19128619309.448746,25699063711.58804,29136798479.907387,33735953579.15371,34976975741.03336,40555076501.45599,49182502188.10301,43480145510.19653,53897149072.722244,49924244288.87718,47654827109.40834,46653013994.01747
ODFL,3559909219.5063324,5212965730.467501,3966123840.614479,5760177663.043747,8867630257.794521,8354552442.532982,12895778350.416298,19964295309.316032,36763969848.29242,29234636123.878006,41938779724.04349,36694032137.98236
OKE,16706593025.995756,15815639316.098677,8316353066.290011,20759689504.54244,20320575918.85662,21594612360.271385,31908528506.2791,18045029064.80177,29714866438.202557,35318470325.842224,39983750032.47963,60016113779.73551
OMC,9786421292.47911,10462854684.554459,10501014258.890015,12119851840.620422,10674404562.423904,11094548579.936554,12689322109.079315,10204653466.361984,12437066231.338928,14391862663.742157,15768817058.04544,16161533444.401154
ON,3315598022.7828903,4076093359.608555,3943308514.3475914,5134348629.21711,8425804162.173256,6643267674.21711,9809985346.870598,13169845240.56578,27329541006.263123,25096341126.65349,33610668263.175415,25369958569.609634
ORCL,91354198427.71635,108688425549.56093,89525538684.5936,95690786589.55049,119553048639.14401,116002814399.10455,138441605005.40173,172014857861.84973,235470244865.87323,224530410893.50745,294003690761.75543,470377560851.4165
ORLY,7242975740.234615,10839422060.629356,14260857270.602669,15667134996.99482,13536052626.83171,19376691117.59749,24662470207.54113,25467745910.589325,39742109477.7843,47496610642.69011,53464429535.531555,66729238889.97174
OXY,62982022881.78026,57358234838.735664,50099824447.082954,55094183347.87958,59769246334.78242,51970011999.52059,37271260419.82436,16163494055.286266,27107949862.65904,59393076376.47899,56971147078.34342,47907041211.30782
PANW,6676098031.997681,14238548297.88208,20461596595.76416,14526642021.1792,16837197393.417358,21879991489.4104,26863542552.947998,41284471595.76416,64676954467.77344,48629687660.217285,102765681701.66016,126826124679.56543
PAYC,,1416973218.7147179,2025093275.1153488,2448086361.0764236,4323032736.606606,6589759508.249634,14248304921.671509,24338250635.390533,22343833857.574585,16699618072.750763,11178114141.730545,11174070076.99118
PAYX,11323645728.708296,11885501875.955475,14072633377.64053,16743099429.428394,19322930213.83431,19114417478.29698,25713921959.226234,29122235255.28521,43731111510.06611,37976910154.80373,40335950473.41395,48929974500.07858
PCAR,13507634669.204813,15977625226.119102,11647095462.62334,16117239820.994799,18505744203.557404,15670987214.371786,22730275023.64186,25398939219.677002,26827770196.17721,31387658136.14835,48654983588.087135,53915053181.589615
PCG,77235535194.7341,106094747018.54811,109775205642.55237,129427565347.4102,97706795622.89572,51763023264.587166,23691115692.532253,27156513312.359978,26459078950.31023,35438601646.09351,39318239194.87309,44136074374.31316
PEG,10558118442.462738,14188515175.039536,13785657373.856659,16237670546.213226,19773201099.074738,20697747199.86972,24234951475.360413,24808430922.472412,29359263710.002228,27864414236.435944,28874316383.076538,41182823090.918945
PEP,80030394807.58914,93848268480.51256,102058599694.7938,110015058310.73982,129617619847.97316,123379318316.93864,157155536111.1775,175498279915.9178,211574540054.04825,225926583122.01416,218492756134.27307,201883817380.31802
PFE,100354091702.19043,105649197495.98132,113137553092.24554,118143768880.01355,136930685379.27692,170915402472.05182,159108749127.0622,163992550770.60608,273367528155.81836,244915479245.51025,143853298498.9391,140663980594.6903
PFG,7129870753.910683,7702996094.68095,6871752445.701839,9148243405.429516,11482988298.212803,7468317640.502209,9687391894.610939,9184935589.24538,13901471019.841587,16695359316.70745,16222217704.542183,16525823694.01213
PG,135632868856.86577,156552750859.92276,140945126083.911,154137984758.24963,173706256305.59787,179906697625.4408,251330479623.8253,286900148852.6383,345777947241.2188,328323150925.0443,325507240096.9151,381669641144.223
PGR,11462822100.448608,12071873476.600647,14609459873.771667,16786304163.360596,27124484755.706787,29672802153.396606,37131086825.56152,52534214673.6145,58228448554.992676,73837755647.27783,90936994393.9209,137672089608.76465
PH,13291483030.56823,13554948981.86625,10427981120.083626,15388922928.355385,22300732167.65822,16949565848.590347,23856862781.235672,32155170903.63881,38040610889.87924,35411404268.921265,56945533370.6835,79483549135.92572
PHM,3424424766.005623,3649357595.875704,3081631445.8671103,3240042861.279543,5943277636.096462,4709318121.887257,7126467632.935215,8021019390.933369,10750515196.787903,8683755658.874863,19865127688.344116,21101514146.090187
PKG,4033091324.2836304,5086295368.564205,4244293254.161518,5903195657.859657,8589667922.825111,6111740603.501221,8455626998.146408,10755140623.368584,10921829400.597435,10635819686.54145,14028672199.570572,19878381505.079575
PLD,24203431760.11467,29111365157.55081,30156475179.714203,38406696648.79227,48369474128.96347,45347148466.02249,70680611859.91669,81099219595.01648,139758369713.43994,95977575242.49268,116690483034.11102,95542601124.50409
PM,75718945713.05708,74115663144.73108,84031759094.68164,91225821508.94058,109332720585.17627,72929199959.44382,98469942153.23364,102103932129.48914,123317410520.63129,138495529039.2182,135927535900.36116,182598789274.1381
PNC,21064839126.208294,25341393874.11393,27065464505.55497,34051528913.014748,42889123227.51257,35607776120.433174,50173324637.28251,48780418940.437614,67407068726.99597,54873646096.95772,56362700505.81842,72928409112.89006
PNR,6964760941.02829,6048021455.665588,4607717096.379242,5344874625.273285,6877229414.792328,5579471225.923767,6900726591.93573,8135143967.05368,11327593267.566528,7093743532.769318,11645087629.517517,16303301714.570312
PNW,3947795662.777714,5311114892.59827,5204143972.721737,6523850428.980892,7350731630.830936,7613652459.887314,8303665710.738541,7665881860.989029,7069855689.543591,7989303998.795906,7895133829.752365,9746966347.550774
PODD,2609869808.459152,3240178218.486763,2659816309.986763,2650671138.1081696,4853935962.0,5579915927.89183,12043388722.918304,17982777879.230713,18717199666.09607,20709424332.69214,15263869627.485626,18365465176.09607
POOL,1875836434.981186,2076767436.061142,2681481144.238861,3509133463.1783752,4413823996.787964,5118677948.895264,7396654182.748169,13088720459.510132,20022675302.308105,10805594684.564697,14426714467.618042,12494930627.451904
PPG,17273749493.408203,21334334536.743164,18479603311.157227,17999512426.757812,22541859301.757812,20062726547.24121,26644551873.779297,29329425146.484375,35569961206.05469,26425894042.96875,32026299792.48047,26114493502.807617
PPL,12243192164.497145,15446372797.82914,16337637108.792841,17010376364.835234,16126704324.744482,15641021917.475954,20868476075.594986,17347886032.786804,19582233078.852898,19650923306.538956,18910241621.279686,23447287315.37603
PRU,19532475544.234863,19657964312.04103,18210800237.108047,24129539840.746445,27423734124.896164,20166784490.51841,24221222326.950027,21461163554.555466,31186445615.85672,29982073807.69034,33006202274.34677,39428669623.21948
PSA,16852016882.59056,21374577674.852432,29582037127.74359,27547508460.634796,26750599659.501495,26916970382.309723,29329458311.860016,33051782353.0618,55072591411.545715,43949447558.496704,49927993137.11127,50972733807.04834
PSKY,54309842450.77923,47583380834.45303,40990501486.42385,56010138359.66501,52552718071.101524,39485595604.26275,38561479882.30144,35638319169.47952,29519655647.479202,17179537792.05551,15387804706.054039,11085176913.875084
PSX,20276760502.73512,19310974170.58136,22622565248.058815,24654247239.166946,29818079119.601326,26155592032.922974,35041931715.06924,23179654315.965557,25152144046.980057,37622588834.14398,50064684784.7374,44244246263.12416
PTC,4227273883.8845673,4377778947.913582,4136493406.0145073,5526871091.149075,7258870875.649075,9902261019.163582,8945480193.384567,14287206571.115433,14471157002.413582,14338569359.79815,20898668546.51976,21962951166.826538
PWR,4617377445.532043,4153592531.6149616,2962672843.6243877,5098720780.171982,5721979157.949261,4409649397.130156,5990132804.06192,10646999702.365395,16982074486.18023,21165270455.40657,32108544012.143616,47071541469.938995
QCOM,57237776607.51343,58529465263.3667,40600253437.04224,54847187793.73169,55969571640.01465,51722153572.08252,83150690734.86328,147245863677.97852,180012848510.7422,110559300910.9497,149336500259.3994,161747016723.6328
RCL,11169498111.722946,19763958830.870728,24651965171.95038,20436345113.855713,30290930890.761475,25403613239.81955,35550338876.38678,20085475174.08069,20679781472.780365,13292610169.827393,34822174934.15057,62325812467.3819
REG,5468999418.952839,7795309258.186745,8576766078.05439,8919585405.364357,9242073409.054787,8132770856.118729,9062322600.105652,6899894462.406174,11826940263.043076,10219097468.040794,11430250602.971802,13132913137.549194
REGN,28270631628.461975,42137871390.77106,55759617076.479004,37704791192.08618,38615849158.79956,38363178146.22168,38566549880.97247,49621508699.16058,64865103230.85986,74106153731.46814,90211500648.2013,73165316365.93689
RF,5884180840.974899,6391837972.265343,5949043255.963654,9126648475.575562,11220918484.020462,8911003503.705597,11882674339.780243,11690870986.35373,16296390958.389832,16675610673.64853,15726811265.131958,19973588051.871002
RJF,5816219143.676758,6463075222.396851,6626813928.604126,8038721530.914307,10449286823.272705,8813972623.062134,10823173519.515991,11764886830.13916,18763015081.02417,20323533200.83618,21567288102.722168,30373545870.97168
RL,5463361288.948425,5791868579.131348,3544817419.3834534,2934647836.4200287,3449170707.4254913,3511827647.233017,4076180418.609558,3642929470.75589,4249790939.0462036,3892495333.1601105,5442494173.544586,8863264537.596497
RMD,5861601538.646484,7129629149.68367,6966539055.637199,8220888451.601334,11431743783.932175,15590805391.889297,21491298386.265167,29728881331.83435,36688775887.55432,29545559284.004883,24657229705.077026,33086250866.312225
ROK,10456394179.925415,10048251256.920044,9491656281.99179,12762229522.458809,18999363147.620407,14859772180.51149,20483993309.0045,25845309680.73857,36497242078.80078,27454981580.735992,33668686904.421936,31570797331.737335
ROL,3673851876.4058275,4085202112.405472,4873659628.96538,6469870681.731657,9032589220.603592,10631145052.700066,9892277095.23872,17655175191.454857,15637249840.39119,16903696818.034126,20485967166.019684,22033719751.869186
ROP,13905428554.710236,15767180308.737335,19256131910.345154,18700763437.786102,26628019707.460785,27564159530.44525,36843341658.13324,45092268550.677185,51716050259.10675,45695071663.98071,57998633008.444214,55612299885.51636
ROST,10850972686.692627,13795017010.992744,15897619757.985306,19557668296.6304,24159426916.985672,25314482372.25551,35779204205.04222,37859263287.180786,35574664892.41116,36619680564.62613,44178124387.67001,48767900909.34277
RSG,8232429209.958006,10271100663.48819,11544251581.682285,15337770779.907612,18553028708.42805,20195723062.35466,25571232891.336906,28009301306.00747,41181334944.83226,38643356031.13447,50096422720.45232,61633864101.34636
RTX,72407970759.40594,74748460281.54205,63947994613.18141,74908809330.74266,89239884769.69844,76159676147.32886,109533862157.8909,85486921180.56653,105376734675.52174,126466744257.8861,108207083868.36172,152314411553.32483
RVTY,4477347483.979797,4779682617.477688,5889117978.359211,5764215536.028599,8118878458.274872,8752453142.31881,10853619846.418312,16084981122.083633,22578574312.792816,15775877895.121735,12326416495.315712,12618341073.648918
SBAC,8842811106.651306,10901936690.64331,10341877686.35559,10163723361.808777,16079276370.758057,15934584772.93396,23790121457.061768,28027311281.066895,38944727704.37622,28312941617.156982,26004711849.884033,21278282798.538208
SBUX,35216376611.51886,37415098597.335815,55453422227.47803,52054718885.80322,54845134628.67737,62927153212.73804,87522388854.21753,108692634738.92212,120807097841.64429,104889120604.70581,103646068133.54492,101076861682.89185
SCHW,40066204813.807846,46948506565.92154,51605821073.638596,62449542057.780685,81904201534.45488,66806292168.37795,77747084315.75394,88295368819.74747,141476280599.12872,141628172685.70007,119011367787.687,129919914725.503
SHW,13538011475.40438,19610173213.58631,19541319368.109947,20476930521.4766,31557883272.71038,30538953784.217216,45716021916.31654,58083084916.09529,84159696361.307,57259800510.80676,75998433375.92679,83522411524.4198
SJM,7792385926.970215,7781185254.92157,9727268041.246033,10313830493.622437,10263355435.432434,7946201652.648926,9129800378.19397,10454002903.780518,12654078286.14624,15192088224.3219,12488716776.512146,11288665003.60199
SLB,97984382759.09946,94427885502.56075,79021188237.91786,97612269578.28677,80657822885.44406,44636938158.184746,52550443886.94134,29526490764.7647,41217586971.12728,74666667320.88599,74087012823.31827,55957961377.90781
SMCI,1024402440.8860425,2082235261.8041887,1463176232.180783,1674504067.9171226,1249460542.6555095,823820160.6934198,1433924631.861566,1890010541.0373397,2623688118.1486793,4901133024.7026415,16969501781.911207,18195679860.568302
SNA,4358858770.3199005,5526302088.253067,7024769824.315567,7132232216.568863,7392016851.991791,6293221906.282494,7522657905.207855,7825807301.254944,10082212806.79486,10980750168.807083,14242499937.858093,17186972342.45883
SNPS,7535823606.924004,8074495042.053986,8471997088.901993,10933167006.151993,15833216489.718025,15647467816.718025,25856214714.740036,48153484174.568115,68448386000.5,59307695389.3779,95643844226.06232,90154973206.35217
SO,27059045401.65525,33889500195.77334,33858085541.534462,37216885011.72559,38115980900.81325,36685897967.87564,55635184641.79141,55984395970.05882,65129714685.59432,70497382375.37436,72057664537.81358,87707883268.56108
SPG,26689057977.974396,35002405668.21106,38579303746.975555,36457519539.266815,36815566265.57892,37755517068.10715,35209727208.664246,21604310270.735474,42283252833.43506,33019974074.29428,42676196867.506714,54165089972.71698
SPGI,20989668524.16992,24234633761.59668,27203047271.728516,30072963919.067383,47911363513.18359,48569538604.73633,78812201464.84375,95675152685.54688,138426746166.9922,99134546582.03125,131645682104.49219,149990937646.48438
SRE,20422714122.65705,25997003315.601334,22577038192.441544,24866985689.853264,27212191418.14982,28433651282.597866,40946700144.98251,35713321919.221924,38351627323.016075,46136753666.96608,46110292259.475586,55842796938.56623
STE,4113310056.9204254,5643944606.179569,6652052961.954643,6044026655.13483,7961510419.92144,9845052850.552414,14185601927.410202,17802641793.071106,23049897547.70816,17648530801.232346,21212227491.94252,20023730052.437653
STLD,2211202067.02295,2287830341.8878,2131843827.6098766,4337512570.407469,5349727772.718887,3797269270.8234196,4434374921.352196,4986834401.443947,8548397792.258976,13688995406.58059,16803392219.925064,16468282595.589844
STT,14964162906.306091,16265105668.613861,14007554252.845688,16782995701.209885,21455089246.371857,14166885853.243057,18324487221.027527,17452308184.223007,22868479813.114197,19723632154.57086,20421499833.525146,26584667929.790436
STX,7124621617.657562,8724129986.938087,5028177399.014259,5702358693.5527725,6652913461.193024,6459959093.849876,10474229082.446617,11536229847.191391,21630779408.836945,10509301343.519714,17773281155.629578,18494972361.113434
STZ,10486014101.469517,14626485836.628265,21382197289.8468,23235592460.613785,35014265583.171234,24956059943.935318,29908931503.300247,35116520714.62837,40776159666.04294,38155047680.50011,40380860793.61626,37510565494.35089
SW,8844313787.44234,8175481176.080815,9526451349.611876,8715223345.085335,13110605998.613302,10413339839.082865,15658615878.379108,20638779928.969654,24217669767.55291,17431799246.46047,19887394074.340004,27372709499.75797
SWK,9344220796.829315,11385196990.534882,12915641987.939209,14161282378.956299,21312273616.093567,15316446374.14801,21623024337.246338,23725863763.64331,25453501360.286987,10456026644.597565,14173402855.303253,12020713139.818573
SWKS,3392270755.5837193,8696194178.970657,9273796674.825985,9161158184.657734,11789262387.161484,8452603901.375156,15561522575.711342,19974766884.88008,20519432216.013,12322698920.278557,15593923766.389656,12652658153.862091
SYK,24997328088.498047,31848929506.583984,31853206797.446777,41628482403.29614,54465685558.11865,55791884973.77734,75502499061.82861,89219128973.41016,98341429154.71387,91045485489.24854,112714118458.40039,136769789001.04492
SYY,12658835156.35254,14354622987.679688,15182997594.055664,21067667011.39746,23694086846.003906,24993151634.72461,34900466551.50586,31271100746.396484,33863319090.404297,33752792177.507812,33177594091.58789,35637412497.62695
T,80048687383.83186,81964451116.93869,90418647495.15291,119346494612.95639,116408274454.9172,92222779929.61095,136933383362.63779,110026778743.02014,103534158809.41687,110231252449.33928,107220750163.39421,154505492509.69995
TAP,7866509899.2295265,10673625962.31985,13742553452.043533,14481501393.330574,12438707962.982178,8721630215.44838,8683511629.842281,7364043225.004673,7667186601.424694,8770808259.032726,10713936506.20222,10346942890.796185
TDG,4941612434.319275,6910776908.62677,8040575260.283569,9578638229.887207,11479218569.208496,14214633231.05957,26212868594.546143,28967558553.01465,29783438977.09619,30311518512.262695,50489177441.88965,66779582232.49414
TDY,4312917694.476608,4823744304.081871,4164552403.6169586,5774971401.0,8505171008.483917,9722141221.9693,16270395436.172516,18403848400.07895,20512417398.1886,18776169383.10965,20953756389.422516,21791361825.562866
TEL,13020142188.425743,15222427190.536858,15859073350.194557,17409492334.27146,24351759935.502045,19755710601.098648,25557039845.36087,32955432978.10652,44529548340.39972,32212481236.339005,40144644520.9725,41554347710.76288
TER,2540015706.931757,2879648135.2803555,3044544949.9221325,3784599294.7159996,6288450290.930531,4755712181.035879,10411626384.75547,18400230593.255264,25172899270.98494,13505743193.893082,16852213340.395767,19634607076.69645
TFC,30332580721.436493,32423084906.363525,32386712292.9181,41599470480.09415,45201610915.135895,40572758489.815186,54591347352.19705,48499082218.194214,61148533882.61405,46758740381.70529,42742698295.81483,52880519377.13135
TGT,20052548094.181824,24830708313.428802,24433837718.58658,25102936537.36145,23638054881.995697,24742088401.26175,49526923568.716736,69571457076.05774,92464288382.54395,60803982711.0614,59982978107.86499,58622757629.31946
TJX,30123216251.909733,32785151563.694477,34295361014.50205,36818601412.21523,38093180012.94136,45308932731.45676,62869143415.613174,70573254561.07617,79625464053.41148,84985430125.48447,101718884368.82973,132807891617.57469
TKO,1071521506.2897835,824562018.0058136,1226364763.5846176,1297899594.6140213,2202743132.1944847,5426464540.560562,4742303846.24073,3553159437.4675827,3680446674.367836,5149071152.325897,6382181275.409912,11117574778.575897
TMO,40299361600.51741,45563935233.58478,51827566907.02493,51767194263.44997,69899224296.5153,82627951458.84633,120264931646.64291,172844235711.26904,248099885363.89398,205215575955.8943,198329161853.23346,194912291514.90118
TMUS,36531339322.02134,29255478125.78238,42482336110.049515,62452947131.19106,68968645890.0615,69077247838.42415,85160158287.2103,146440295684.83795,125948418352.0822,152032914150.1213,174870325614.72052,244299624164.62866
TPL,675398726.2683296,798621017.4190903,887864604.6006012,2016783521.6498566,3048919521.5467834,3726056141.0835266,5419047762.976532,5245872929.177551,9088479378.28949,17385502938.416748,11753002558.0307,25305920981.793213
TPR,8046381639.028015,5571532196.519257,5051198195.249313,5597241836.860977,7303409139.4565735,5741000355.964188,4824272610.029526,5637772236.849472,7458222823.423645,7210856776.2569275,7222629383.145355,13203286212.050354
TRGP,10863144547.36789,13378311021.540802,3563707690.4206696,8225577720.064529,7642686336.302399,6123159203.079933,7591533131.062088,5125625435.448677,10258722126.153763,14742706022.72699,17840032640.970673,37486314118.49005
TRMB,8255857562.919289,6314422549.303146,5103404816.419289,7173316913.540356,9669107750.46457,7829978823.116142,9918924579.04528,15885981834.05513,20744329257.641724,12029284165.45472,12657395359.919289,16811496046.212585
TROW,11988138932.796478,12552449544.628143,11013743162.311554,11946892319.618225,17129872883.17871,15459826694.999695,20965016193.56537,26858748871.520996,36234238496.99402,20928392497.795105,21629982028.182983,23724330948.127747
TRV,15557398658.478477,18608458687.504005,20301029287.10589,22528244462.929,25537617950.210945,23074631726.965324,26998326626.145576,28431540394.20475,32401394267.531204,39666190181.09218,41225006460.9637,53080669143.87178
TSCO,6919692644.768171,7095584620.5650425,7763052349.097939,6962161926.70464,6984786644.612274,7916865357.694216,8988107981.446629,13691842115.009308,23490960843.36399,22557814817.264957,21982199502.744045,27572373883.521843
TSLA,33353534424.51662,49313029784.565796,53215326895.8244,47379620817.29349,69032918236.01085,73788840659.78032,92752660433.5589,782310251579.72,1171553092246.1228,409674406006.0195,826399532406.7275,1343098800221.7664
TSN,7363554299.528933,8895000383.333912,11953154689.9477,13969251669.694653,18633512780.99598,12517456824.895363,21768933740.01335,15816182825.89695,21901051822.78759,16010007553.14045,14337958318.047466,15838777283.327637
TT,8703935984.206482,9104406721.70105,8095568013.118469,11215664115.8656,13601550050.708878,14201106623.463654,21063442592.81305,30208190411.692627,42598155005.437256,36062978465.76428,53154452126.66608,81310396221.59839
TTWO,3209608466.912567,5179350787.837555,6437694535.075012,9107748798.450073,20285019951.399902,19021133417.200195,22622472458.150024,38395192260.69946,32838894248.600098,19241019268.64978,29740152446.499756,34014087732.900146
TXN,28728005605.68638,35936556199.91638,37796009204.464645,51671421419.73198,75825711269.54956,70389411255.82352,98237834742.59125,129380495001.66046,152062144101.97266,137072734220.78156,145857744576.23016,165018257642.25037
TXT,6363520299.468506,7304348433.26709,7300841349.595947,8456281223.4453125,9870335746.270508,8032037035.801514,7802048444.707275,8472857353.244629,13550598227.621582,12441764181.611328,14147802747.000977,13468892656.688477
TYL,4394421742.460815,4708954657.368164,7500593860.104492,6143068910.394287,7618059373.710205,7995412732.104492,12909178481.843262,18782463353.84326,23146766802.84082,13872569942.052246,17990753421.26367,24811509704.208984
UAL,12247008716.651962,21654833886.616013,18550186522.707516,23594023749.147057,21819940952.58497,27106582905.73693,28518078265.446075,14001668024.25,14173248763.232025,12204922432.292484,13357428882.756535,31434958237.91503
UDR,5026979803.141012,6897291935.31867,8690000080.219841,8711640265.769482,9504846674.306955,10113880164.335556,12286853583.148098,10500576349.19879,16919001802.803574,11261914385.448246,11612978331.203861,13736684239.903126
UHS,4279380918.9869614,5876930344.833481,6331843116.234909,5655676119.863647,6047501142.724503,6238728953.730606,7712361163.4687195,7403499627.226486,7021220993.086746,7679261902.919205,8357557810.556427,9877428523.376251
ULTA,4327798742.76059,5732136289.557007,8295097340.0,11431092627.628662,10028548656.442993,10978224877.557007,11350383435.592834,12875784770.442993,18488650847.557007,21032331729.885986,21970349538.48535,19501549326.114014
UNH,56631524339.01344,77277159570.68207,91396720023.12592,126500620372.20795,176892054031.83655,202583766435.98236,243106678806.5692,294767345299.43054,428013032770.13245,457701224555.81177,461340916640.3168,450220951432.59216
UNP,38440239613.049164,55527723552.0817,37294929802.18602,50713178824.07481,67094075783.699814,70624652916.88882,94425075196.96834,111076952082.68306,136972729503.60374,115147855377.5537,140029676681.63947,132884774281.32106
UPS,50961334166.08209,55379177866.8203,49328781370.39545,60534714870.822876,64857185373.97911,54819877998.451355,68106211256.23064,101235266405.2554,131625070938.39001,110287218001.1542,103716221188.74884,87193536377.64711
URI,4803747442.421516,6286469388.580536,4470350851.9639435,6506475262.825813,10594128199.802673,6318515055.3409195,10277370733.554886,14291688702.756317,20477710696.194763,21903118808.85031,35837350092.17139,44425916954.57318
USB,42172894891.67093,47979679550.71033,46628951274.11821,57546572998.79584,61351658527.33702,53768188888.57322,71846258748.09793,59018412338.778465,73373137520.64392,59336967434.25032,62179449932.77551,71894858531.47322
V,86330853331.37512,102419312788.41214,122019693333.13881,123692812309.44687,182046739522.42102,212061872066.2294,303942003121.54126,355989580597.89685,354868528437.1428,342786174653.4984,432966289618.0191,529596999591.32416
VLO,9820995565.397228,9845441100.730442,14455589820.001507,14550959986.334564,20369467457.337433,17165205792.627731,22360760507.821747,14380039037.241318,20168532370.716553,35285635131.50921,37354202136.4733,36249443121.34641
VMC,7148890134.442463,7935372551.720352,11515451519.357529,15282849674.199371,15806175639.885864,12284171084.069252,18074256173.356934,18823492599.023438,26558122386.184845,22610108768.185043,29563548047.750244,33737734226.2191
VRSK,8772418792.943,8549505301.553726,10262072125.971146,10834709517.93747,12814245121.17363,14554845533.508224,20073682221.002197,28080414769.87961,31127569226.2648,24176674916.04187,32937371045.88394,38207083730.48187
VRSN,5493675901.794434,5238199250.793457,8028229353.33252,6990698295.593262,10516833812.713623,13627588856.506348,17706948994.4458,19886776707.458496,23325610624.694824,18879572309.87549,18927359431.45752,19019258830.26123
VRTX,18851309917.588425,30141797897.088425,31925440969.303055,18691465815.196945,38022304168.517685,42043749188.444534,55551737273.161575,59963907589.39389,55716656836.17685,73268923706.46463,103235658862.17444,102172576340.8537
VTR,18253402109.20569,23895517906.10797,17305206380.33972,20096724996.550415,20239377241.57086,20936823258.601868,21654415478.25522,19531738962.64215,21040600482.19638,19246810769.190308,22145857031.66638,27070685229.963593
VTRS,40859913182.41492,53070802990.04352,50905421676.619995,35917176150.69348,39833705136.74707,25796345059.74527,18923599119.892487,17643194061.02008,13035046915.248413,11172115913.2901,11401930347.05487,13646204100.593872
VZ,112228993753.01599,111614441502.78821,115654686661.15405,139594671865.4773,145144187415.48883,161484122936.30652,183827797089.9046,183587110326.0748,169728368394.88202,135745951542.73715,139429050934.76654,157753671109.58618
WAB,11912217210.362976,13970976218.158997,11471255614.336075,13457723804.611572,13274457941.21074,11514454024.372696,12834348052.966263,12163121453.826584,15389743998.903412,16785147856.97313,21478949879.21132,32248599143.001526
WAT,5953474000.0,6710755965.474243,8012185418.211365,8000873672.262878,11501516565.948486,11231228337.628784,13910291637.628784,14730085261.788635,22182644487.371216,20395410429.783325,19600623104.26819,22086198499.26819
WBD,114490780413.10857,85366223725.59451,66112360656.33781,67921280913.5811,55457067431.82103,61305088785.49664,81128889583.85794,74562253353.9189,58331522210.51342,23491197210.99329,28199350196.00168,26192189803.912193
WDAY,18045720794.677734,17709370132.44629,17290560066.223145,14341529205.322266,22077579536.43799,34650558410.64453,35685649337.768555,51995370132.44629,59280058410.64453,36310610397.33887,59905019470.21484,55992509735.10742
WDC,17878796688.51298,23956639926.271683,13352103108.138737,15685740730.274002,18796024616.1118,9040342129.740486,16014237617.888855,14271052635.510658,16801143051.148373,8128753745.640827,13492958662.908016,15363475512.140877
WEC,9074802409.472649,11983219843.76915,12077703141.657074,14273197367.333817,16715095685.133163,18031735536.73886,24712014053.559143,25326700864.9823,27519637597.627075,27395182863.930756,25478328807.030884,29583389289.23062
WELL,22785455344.735466,33845481057.90418,31882234224.239494,32960949820.601536,33033411907.26425,38090651342.1537,46865567336.01378,38810334408.605774,53163639824.6574,41905062705.402756,59416916045.540825,85006643933.40193
WFC,101799410986.56844,126341303311.57077,128668565967.41321,134636208240.41183,152422334252.89423,119149827121.48274,144696872173.44232,84433361936.65482,136060917032.34883,119839016543.06122,147325752495.31525,215799919960.08002
WM,14149569459.470821,16730232108.433136,17922838082.192688,24444385246.864758,30424352363.011574,32043206503.92833,41800613160.980965,44084247728.88087,63402960268.44351,60553961890.11163,70361182895.73267,80412062978.81474
WMB,24470082671.05521,29693741742.934784,18071439976.736862,23706124421.429443,24184763263.674984,18410513577.23841,21020993289.54419,19298169944.199436,26700769297.34106,35466964212.421234,39674635841.923355,64411561990.99736
WMT,165778316600.7405,185457688747.59317,136058001250.46028,157869836738.0473,231375138990.43896,223434465894.58902,290828984579.8106,358657191888.7434,365725743151.08453,364029188657.0377,410921514477.5776,714971774811.3425
WRB,3803821770.0924435,4626044267.976051,4985349356.2302265,6219295768.03619,6854507399.738506,7263026827.55732,10444211004.101982,10116108158.675728,12887239885.888573,17259022931.897377,17301708339.415497,22005930181.058968
WSM,2651142173.3264923,3515161522.9053497,2761720036.7889404,2352451895.22171,2592473243.041992,2608306889.1506195,3914330660.0646973,5573267983.085632,9396594848.831177,6531347214.271545,11771899424.423218,21961673390.89966
WST,3334777653.7714386,3652396631.481781,4164770869.2464447,5908755591.850769,6914277735.016693,6908957395.870911,10648842402.207092,20131577118.80896,33393814239.752197,16797598915.565308,25190594466.80432,23489464738.4552
WTW,9365763311.9637,9631241594.428558,10733529677.294815,10364524375.830017,12960389135.347214,13274616868.03746,17895470703.59662,18938738450.779266,21620357068.329224,22599450043.996597,22618592169.355576,29739914254.33313
WY,14487272848.72055,17000250710.981369,14769779007.184982,15446093545.051575,18782608297.08481,12121733202.884674,17645930361.265182,19946850894.556046,25316931785.751343,20141699559.059143,23775694867.50412,19826958090.717316
WYNN,16771270989.912796,13268165876.879913,6333177518.454044,8100375191.1057205,16046088027.394012,9598743799.002533,13917690652.225967,11402827772.971504,8594314254.292152,8334585098.258057,9280045108.51484,8872152795.863136
XEL,11341332763.612198,15139759426.486378,15721802529.203363,18416041849.499096,22451536633.22225,23771468873.21155,31466596996.986656,33911227446.73688,35403631945.98039,37685542924.63446,34416400210.490814,38656816372.79092
XOM,258915618366.24146,243235821304.3213,212121563587.18872,254295826530.45654,244614971927.64282,207694472873.68774,222716795391.08276,142068745559.69238,223865570125.57983,419544398498.53516,393274469078.06396,437563521873.4741
XYL,7252608791.4154,8091553285.769852,7882888603.82325,10846688671.295486,15131356515.350552,14978528002.06887,17912630015.19507,23447691268.68956,27887598688.982346,26047745896.068954,27290968343.61178,27992663822.2023
YUM,12058549299.4449,11858951376.27206,12155718892.638405,15004920488.947174,19670514131.79634,22543678197.600105,25116919504.966026,27590197151.13421,35882412685.529434,33732946125.98996,35059944133.90242,36715502508.553894
ZBH,16297292463.80024,20005966210.83996,18246395779.74243,18513119557.72873,21819580246.37142,18916669228.786125,27500007148.32657,28535903128.187027,23679139586.100464,24681955914.62204,23741984573.2222,20784252780.493202
ZBRA,2739705980.1216736,3921609518.743347,3528485932.6013947,4344622462.1419525,5258533274.202789,8066630117.216095,12940652340.162231,19470250127.607727,30152976656.811157,12989792836.743347,13846963265.607727,19565998727.081116
ZTS,13106079072.930656,17404603076.189003,19523847156.259094,21992456403.363533,29810617012.759415,35607999587.19937,55444839388.60368,69729419439.41043,103382663271.74963,62541041750.50223,84997083059.05472,70860477778.15576
