,alpha,t_alpha,R2,n_obs,beta_MKT_excess,t_MKT_excess,beta_SMB_vw,t_SMB_vw,beta_HML_vw,t_HML_vw,beta_MOM,t_MOM
A,-0.0023116357961229872,-0.5426204274339246,0.562590133231603,131.0,1.122681958149415,11.188552749479378,1.0852830691224562,3.702682702775695,-0.1966763140749561,-1.2300404538110912,0.103427454723726,0.8121583437221804
AAPL,0.00808157282248237,1.6584480833563089,0.5419294848796994,131.0,1.2366502394317107,10.77440554250531,-0.42128584301843824,-1.256549485132459,-0.6329691284617993,-3.460820902036797,-0.10935618710730764,-0.7507191503563044
ABBV,0.005697692448640233,0.9263353199723293,0.17731738214239745,131.0,0.7253914016687462,5.007051587115267,0.049715120593610995,0.11747743587400306,0.2084285722702129,0.9028530720760548,0.1094994478536769,0.5955377485636204
ABT,-0.0004012144442090651,-0.10439797416331494,0.4641022967257393,131.0,0.8860781672811706,9.788766960196822,0.34894534298949187,1.3196831129557167,-0.08576501354287995,-0.5945881891746355,0.32079162197764066,2.7923295612574823
ACGL,0.011366975426102733,2.1577294691151354,0.29435042741173245,131.0,0.6820543792528009,5.496820000224776,0.3231652169050636,0.8916069056020254,0.8245384512500152,4.17016838224545,0.387712036734815,2.4620082341862726
ACN,-0.0005778550224893237,-0.16941550831718544,0.6594931251675777,131.0,1.1574650100352044,14.407299493068914,0.13006955694011252,0.5542512394196923,-0.3961065730308933,-3.0941183835806356,-0.00858069065730288,-0.08415591793360307
ADBE,0.0033678494193357064,0.6240666055009845,0.5152037228542081,131.0,1.3237253827768374,10.413977067021793,-0.6378645373874138,-1.7179221420328121,-0.5330035711244906,-2.631473513803084,0.09487789794390769,0.5881274872721641
ADI,0.0017108662242809017,0.3510177321313259,0.511693205000006,131.0,1.026733251541857,8.943573340665473,0.950270915454564,2.8337216079665235,-0.33519582567655376,-1.8323237510300485,-0.4498217185673065,-3.0873194500089003
ADM,-6.163185804722743e-05,-0.011932905625135312,0.3801683199689997,131.0,0.85873971367715,7.058995989176014,0.10015042340272146,0.2818321125154814,0.8256543383969112,4.25921750228768,0.17216443883219623,1.1150967280672943
ADSK,0.0005859517437260174,0.0893139452684241,0.4759907750369008,131.0,1.5028702536535505,9.725666059373031,0.3766728203579215,0.8344848336317623,-0.5048843463190998,-2.0504063343117203,-0.14874320477161454,-0.7584425721616522
AEE,0.0023263317089352994,0.5679777581311964,0.20836782604721849,131.0,0.41451728245588665,4.296776590162655,0.7962390652699641,2.825529925237782,0.11677130950325144,0.7596026050504715,0.20269187174193412,1.6554808718539833
AEP,0.00047107257617179783,0.10720037311317722,0.20883896954393655,131.0,0.38472122313120183,3.7170214015609684,1.0640125701618557,3.519265034804653,0.04885748625424234,0.29623079176937267,0.15031474397383346,1.1442955296010757
AES,-0.006181428594607114,-0.8850714431335822,0.2873438832643198,131.0,1.0070701074386927,6.121947753473984,0.8969089483249454,1.8665282603197577,0.35334582787954183,1.3479694373892923,0.19541339512293102,0.9359915909159208
AFL,0.005997891452028893,1.6299267847434062,0.5652983651715118,131.0,0.9105975664656362,10.50597643416242,0.016257673909653915,0.06421324899590605,0.7765589088547823,5.622565291768935,0.0957172740052036,0.8701376519103368
AIG,0.001266998156857988,0.26288195430072503,0.5924590062163657,131.0,1.1464064687914142,10.098662581333576,0.7087505626185504,2.137346574469737,1.2566099827887098,6.946657762889221,0.4320154701337285,2.9985564940950122
AIZ,0.004801285964978132,0.9518128985548587,0.19908231876277405,131.0,0.570812981898179,4.804279839961502,0.5495146884492107,1.5833249640807305,0.18290158373849522,0.966055516190182,0.1274005525950538,0.8448769646772948
AJG,0.007241566084835434,1.8293582234434689,0.39525763477152454,131.0,0.7922990306793917,8.497591025623844,0.41744182813754876,1.532706374463301,0.14945880189022384,1.0059545546125428,0.19703528016334787,1.6650926338101966
AKAM,0.0007218091750900026,0.10120292646560435,0.1302921958682428,131.0,0.6865188020502826,4.086613365211112,-0.2971262592415852,-0.6054920557711289,-0.15657448533394164,-0.5849008760985576,-0.024388827474571755,-0.11439044238313024
ALB,-0.005306191605503424,-0.5976801707028996,0.38694838033836465,131.0,1.4962704485258826,7.15544190461765,1.453861223630825,2.3801570493443336,0.0809584487186341,0.24296219540670186,-0.3037980557385427,-1.1447194300671015
ALGN,-0.005191793331115366,-0.5612277192423099,0.41968998595453455,131.0,1.5242747105867158,6.995606989340488,2.4366741580749016,3.8283877267864224,-1.2444136432052995,-3.584074979518213,-0.47115270051839325,-1.7037722734689056
ALL,0.008744751109539171,2.080755278766524,0.3748001877213991,131.0,0.6583916811829287,6.651174297235442,0.14771728969210246,0.5108596761411482,0.8065989863066148,5.1135420292498885,0.3067501765950199,2.441667476670441
ALLE,-0.0019907939860449937,-0.49471648047046257,0.6138197894564719,131.0,1.0385162797241438,10.956801887516576,1.442966718317061,5.211744462747387,-0.04276122547948067,-0.2831201679503811,-0.15447250591823647,-1.2841311916049503
AMAT,0.006824625636858554,1.0344711850655013,0.49538492704522463,131.0,1.4570980256984873,9.377104947737527,0.6077792097471248,1.3390048377674508,-0.3080248204597493,-1.2439871206025337,-0.5141856542864114,-2.6072799538821796
AMCR,-0.005371559661543335,-1.179566407987495,0.37052955956360534,131.0,0.7638094268130834,7.121105968459712,0.589367042627311,1.8810683663414278,0.20933591749476899,1.2247751006259076,-0.05843963229600287,-0.4292967613176687
AMD,0.016298923214686165,1.3839343702925881,0.36378712370275934,131.0,2.098248451668519,7.564042057157195,-1.1460493758795411,-1.4143492083067764,-0.9146261472737582,-2.069144402166336,-0.24879912620552486,-0.7066975364210496
AME,-0.0008290576633285527,-0.2572586840824961,0.6950491734873387,131.0,1.1316189903308185,14.90822624459903,0.8940469207193549,4.032202724608406,-0.10841220063667527,-0.8963013944521924,-0.042226034585683074,-0.43832248539186974
AMGN,0.0021079546793562375,0.3719651130710486,0.22507559333143867,131.0,0.7986938948956103,5.9835888803068285,-0.5768090889580746,-1.4793460479590055,0.3040854753310935,1.4296417492267175,0.15057478294444038,0.8888353741278333
AMP,0.004769661719859502,1.1136477110282648,0.6974011445490267,131.0,1.476209857782086,14.633519595717049,0.7961208523562153,2.701692957767308,0.7163324152515695,4.4562080671839075,0.1443073039341329,1.127137004808777
AMT,-0.001908521088230875,-0.3776396384705484,0.2666500807812754,131.0,0.6922392816075351,5.81536920397566,0.6122367186324904,1.760746055047238,-0.33759013839903246,-1.779758057926468,0.04372740459987084,0.28944260366135094
AMZN,0.0055193442780467625,1.02875947380459,0.5646910456291284,131.0,1.3071629345694746,10.344190969810095,-0.766529201009448,-2.0765950197888765,-0.9353322380325391,-4.644969561805487,0.0030434446583370977,0.018976666138633674
AON,0.0030961059414242767,0.7391538486660103,0.44122601598819344,131.0,0.8813421127524711,8.933136994546658,0.736932129640714,2.5570738021891968,-0.03292612887650384,-0.20943550564272212,0.09657695951172762,0.7712953328755636
AOS,-0.004479809832005443,-0.9549165052682023,0.5690191904395439,131.0,1.1531846680586717,10.436265598809456,1.3791785678501407,4.2729032791899275,-0.5222611292836047,-2.966088677238654,-0.21348451282423486,-1.5223003289499895
APD,0.0010872259554404907,0.23894805455262075,0.3841839587077509,131.0,0.876229570676164,8.176021687538942,0.5818523526234829,1.8586311994455627,0.15454349468352846,0.9049509118828372,0.2330599271774207,1.7134815744114575
APH,0.004049654702366486,1.2959745236373919,0.6980952219266152,131.0,1.1180201950152329,15.190377279209104,0.6415270130447439,2.983940501903269,-0.08419508050049107,-0.717886510224509,-0.11014802386094871,-1.1791887442501237
APO,0.00412957479640323,0.6228446712645012,0.46792719531661964,131.0,1.5867605873841115,10.160761640550707,-0.18641914994441178,-0.40865957696814237,0.354784084044186,1.4257032888027792,0.10208205177827757,0.5150530368096312
APTV,-0.010716883618742026,-1.672010826446201,0.5947486819675096,131.0,1.684568948394501,11.158345486082984,1.3573264995428282,3.077879691133279,-0.21781761333791366,-0.905428523756451,-0.47556639749096025,-2.4820462886124135
ARE,-0.008601003973597603,-2.1032867928931784,0.5556367638359274,131.0,0.9723546951358029,10.095190163690251,1.5354176882088797,5.457234639531468,-0.26871155856900564,-1.7507587297116167,0.13376407590116957,1.094251083189443
ATO,0.0032486851632176957,0.7590508572898463,0.22130682177279515,131.0,0.5179011556266179,5.1374850643027345,0.48326514064693127,1.6411393569663584,0.0212230665945304,0.13211800070300334,-0.0011710295285402433,-0.009152911043957579
AWK,0.0012290792857145216,0.26985964937121715,0.2407435850627231,131.0,0.513930467074229,4.790742838015086,0.9646406539091531,3.078366714893726,-0.22208672161905943,-1.299185759970303,0.2042534227098114,1.5002220360153482
AXP,0.003819273088166637,0.8925297392706815,0.5956388965510704,131.0,1.1243660309185401,11.155528281413613,0.43435074996104156,1.4752964590893793,0.48336054389187955,3.009565403865662,-0.16516152543847792,-1.2911568795636539
GOOG,0.0068095741094735575,1.5088346478576584,0.4776325856271858,131.0,1.0420035166847046,9.802375260618101,-1.1958484517310615,-3.8511868004497414,-0.1313476407205066,-0.7754156823156748,-0.0751651553903021,-0.5571426459086595
GOOGL,0.006663984601552245,1.4710555670222645,0.4754396785073599,131.0,1.0368922927920345,9.717827406754722,-1.1840382255251773,-3.7988973411090656,-0.15173857113957429,-0.8924454697543581,-0.09108666861854274,-0.6726328239185995
LNT,0.0014314691791319225,0.3403285567757736,0.2282205110950326,131.0,0.4757066727390178,4.801711642273221,0.7961585442248627,2.7511400029346333,0.07058768206319521,0.4471321700078519,0.15664694082792738,1.2458519989802443
MMM,-0.005610853490056805,-1.2692783165365993,0.468556839054746,131.0,0.9391633087606932,9.020061355253599,0.6989315451363077,2.2980491638868745,0.1784180209909829,1.0753683649929038,-0.034274853956396976,-0.25937713591051076
MO,0.0015607448530782838,0.3002462544520831,0.2399869544589136,131.0,0.6261430163662346,5.113987593550899,-0.12351024323483338,-0.34533882350030887,0.5326281515564268,2.729985937625735,0.0014825980473038534,0.009541073814752346
T,-0.0021532609272701536,-0.4790274401902433,0.27618967910395775,131.0,0.5336399685935493,5.040255173821926,-0.005997431270634987,-0.019392140676649218,0.47916031142470655,2.8401101025959457,-0.09500173838961364,-0.7070065372158875
ADP,0.003970714233944007,0.9600526588494614,0.3947911505096655,131.0,0.8040156669902393,8.253371151068826,0.5230251914435555,1.8380011143838577,0.013482902275648087,0.08685611801462638,0.05828560516244664,0.47142854673579904
AVB,-0.0030707161267243942,-0.7689514402887634,0.4431390999969036,131.0,0.7707435657365517,8.194257266217692,0.7081731940174785,2.57748098384503,-0.12420822525906705,-0.8287054738124381,-0.1954743167043625,-1.637484107672924
AVGO,0.01907677317384047,2.6768316662232046,0.282079868793664,131.0,0.9919996687566736,5.909736464145323,0.10063118459898673,0.20523218631833806,-0.7010208958720592,-2.6208231422453174,-0.19973616771123476,-0.9375641730082781
AVY,0.0011738950965763484,0.2710242649510578,0.49441563660628074,131.0,0.9615294097863732,9.425011767620724,0.9575072629805089,3.2130516344530613,-0.09432771534228013,-0.5802415286133769,-0.062308092464893196,-0.4812286636337799
AXON,0.02133791084850137,1.7393366651088447,0.14035273230127576,131.0,0.8306616266683804,2.8747252659933493,1.9437234916697854,2.3028358426382427,-1.0160964577358502,-2.2067711578035487,-0.31394007245616024,-0.856064829603689
AZO,0.008437885695765783,1.6596241234233076,0.2617337203905886,131.0,0.6871216620766544,5.73786311554904,0.7667729141159811,2.191995233514146,0.09621608399273314,0.5042134010094775,0.14691970405027088,0.9666834668508495
BA,-0.0018292585119493792,-0.224787421268907,0.3466854221677237,131.0,1.3629196635825902,7.110622456830449,0.028719845649558,0.05129508612632352,0.3889634267358802,1.2734922147732708,-0.26456729636265197,-1.087580031054999
BAC,0.004481713678378031,1.0860533443865419,0.7173541187381911,131.0,1.4626312675831843,15.048123448358597,-0.3444817510121279,-1.2133050663575802,1.3141014810990281,8.484505992457654,0.2172261007191565,1.760950716008091
BALL,-0.003834300272689284,-0.7109449927808832,0.3291005880749923,131.0,0.7789313991726304,6.131821901879451,1.105119606621731,2.9782140261814702,-0.5231042596305995,-2.584215588927718,-0.1025759943381092,-0.6362440882049625
BAX,-0.0070476169929966906,-1.2663902474367952,0.22823281974555132,131.0,0.7183508396530793,5.480274460191882,0.5814378435733959,1.5185367245571229,0.22803980689325237,1.0917583796503116,0.28049586842646523,1.686086600689511
BBY,-0.0008504065316500664,-0.1270076620216816,0.43408993315915423,131.0,1.2789354358158478,8.10946861078284,1.6096833434628812,3.494141800532091,-0.1923672245428407,-0.7654644389356884,-0.03594339889243627,-0.1795769628221734
BDX,-0.00015547733957449233,-0.035794245118084995,0.2701702692944783,131.0,0.6298232752373235,6.156094179459386,0.5578436801137847,1.866617639685912,0.054001690021222924,0.3312409830485498,0.1970403797075003,1.517502754252802
BF-B,-0.006469507442336429,-1.4006340818410545,0.3164117693849958,131.0,0.7107268820464995,6.53275930828161,0.7779727548753933,2.448017974551789,-0.23118465221543713,-1.333530883871616,0.03856695681570725,0.2793167561730085
BG,-5.562574582928097e-06,-0.0009197368627711203,0.3061480492772598,131.0,0.8217106598666062,5.768290304939779,0.004078274131944264,0.009800785900461786,1.015319205071581,4.472815182093606,0.3373164285742951,1.86574971845554
BIIB,-0.006892743889936021,-0.8241086016328076,0.029550662631441793,131.0,0.25029467746350315,1.2705283545150774,-0.04167260485983785,-0.072416860768611,-0.36949618930333455,-1.177044480327253,-0.14938976099776813,-0.5975046407226672
BK,0.002723885970446619,0.6786619457541067,0.5827453969281224,131.0,1.0802942191944478,11.42739052276027,-0.1877686880720491,-0.679961758218099,0.7317205677461243,4.857361697539622,0.01190452600518735,0.09922128066628125
BKNG,0.005581317962385089,0.953951816374425,0.4720802186870522,131.0,1.2985490071809553,9.42298416596885,-0.21866776845576683,-0.5432142933769499,0.44550515386932066,2.0287709304978945,-0.19810341779682764,-1.1326866662246438
BKR,0.0004406502570973574,0.054890307801364425,0.44272567888863446,131.0,1.2148533574539062,6.424893581918028,0.5439955908299673,0.9849036778153495,1.4194086141198907,4.710854393487548,-0.11797003457925623,-0.4915882458320623
BLDR,0.013436406296914895,1.1404560641226855,0.3643756617820164,131.0,1.856894138236049,6.691492852564217,1.937005563041605,2.3895880637630356,-0.3405566787330709,-0.7701502112876943,-0.6013523571797132,-1.7074680808185723
BLK,-0.0009465551432779993,-0.25504183406632186,0.685734164609656,131.0,1.3814288549267337,15.802815457238923,0.3022653052121487,1.1837242507626875,0.18848600387608408,1.353116582287776,0.13730377596767585,1.237588112527006
BMY,-0.0024229030713944855,-0.41635774534984743,0.14105964595295972,131.0,0.5418536898368623,3.9532391245279968,0.4838529107551277,1.2084834490942349,0.2155087960184397,0.9867024677781397,0.17359079757959855,0.9978963894783567
BR,0.003095242849877581,0.76026231788913,0.5019877376133841,131.0,0.922572169165057,9.620763254522883,0.9644544307497875,3.4430806065774835,-0.38823603126497747,-2.540710493188537,0.06262952630031675,0.5146073778890479
BRK-B,0.005657601001660181,1.976560258912737,0.6185847304103638,131.0,0.9069886467886062,13.453027692317693,-0.2943392125043715,-1.4945918442406938,0.4837666499370714,4.503024137097635,0.1094611560918538,1.27928090950069
BRO,0.006958489713997292,1.6761927229194589,0.3746013113427923,131.0,0.8169591088488938,8.355062880741256,0.25089522404542486,0.8784116698004838,0.035580855658803597,0.22835785517867235,0.22420956667847852,1.806721637284562
BSX,0.0076449754052484095,1.6304478339032706,0.3078357433213098,131.0,0.803699742072649,7.277212999397219,0.09858394273908565,0.3055862014114491,0.01468352756921915,0.08343568285702387,0.16381884513976636,1.168753220708845
BX,0.0026793350230092565,0.46179856574684125,0.5115625703666691,131.0,1.42997833090874,10.463945217905065,0.28629375080448216,0.7171899057215866,-0.07024856720725967,-0.32259203162681893,-0.21247136273288988,-1.2250508252048953
BXP,-0.00933925120990593,-1.8058977595916699,0.5013088836120845,131.0,0.9652390472201791,7.924218210702288,1.3930425285701842,3.915094222125666,0.19670043586173477,1.0133909703308852,-0.2586678823013099,-1.6732150202143072
CAH,-0.0013338586357234793,-0.22809937785431714,0.26161860517240176,131.0,0.8292267341276229,6.020437236752197,0.4664141015831252,1.1592649612425638,0.1635458612206048,0.7451512942423324,0.04963352809334608,0.28393412254415284
CAT,0.003564836683683249,0.6501982471129144,0.4973444116727983,131.0,1.210689197703866,9.375172463758034,0.9725237590348558,2.578119937125666,0.49408287808014645,2.401024360290546,0.11379309731772108,0.6943048832131503
CB,0.005484358042536686,1.5024286278477275,0.49880954778158615,131.0,0.743257898880341,8.64466217205297,0.4668344083534025,1.8587785421147878,0.8118901265934072,5.925921807338056,0.416834913693341,3.8199729145254557
CBOE,0.0071976296173343335,1.3694085904801996,0.13211446243627423,131.0,0.47579307397828047,3.8432807559282622,0.3074599543947855,0.8502151766897645,0.18622209532034936,0.9439855978208254,0.07301986010440734,0.46474282658308647
CBRE,0.0029755173268936823,0.6064057491152468,0.6398055292813896,131.0,1.3663729768870168,11.82253294368948,1.4302858799954665,4.236628846464215,0.19963561178315511,1.0840004128394714,-0.22173088183218984,-1.511663600471417
CCL,-0.008175900456201621,-0.8152440797925993,0.46317385808967937,131.0,2.0092915202545076,8.506197303162647,1.0906512478837929,1.5806463046847272,0.5523414587514722,1.4674060565457454,-0.41130206485128623,-1.3719588750024718
CDNS,0.01058160262745122,2.293147076648044,0.5230728931772866,131.0,1.0297567169448711,9.474483360437164,0.34822389654104413,1.0968210427087142,-0.8787673430628041,-5.07393590856394,-0.1857141901091589,-1.346336734612669
CDW,0.006006935377812947,1.2721349732244398,0.46875619936222157,131.0,0.9419439286815623,8.4692650738364,1.0132044458637341,3.1187033044409502,-0.2675233771965559,-1.509498121361585,-0.25675904134209765,-1.819005964179768
CF,0.0048802406584992275,0.5937390643516982,0.26169464113225205,131.0,0.925351948296351,4.779712458012731,0.5472796842878391,0.9677439234713193,0.8456843165197454,2.7412791797782194,-0.005766831175046599,-0.023470360892358478
CHD,0.0027507867160837113,0.5996174209816154,0.17664262956659238,131.0,0.42570135674185494,3.939696804051863,0.7265789725406975,2.301955320611176,-0.28638314940065296,-1.6632417986040215,0.09728612942700479,0.709408510055984
CHRW,-0.0013747474915969684,-0.2572553420683287,0.24612942917319047,131.0,0.7134614874424241,5.668294980590637,0.458426601775537,1.246832225084935,0.01362061425040614,0.06790922365056949,-0.04454891232912321,-0.2788731589586216
CHTR,0.002297774017023057,0.3327911271453383,0.3090209044775696,131.0,1.09411671115157,6.7277294434915635,-0.07801853720909649,-0.16423244899853476,0.3047341475756792,1.175915603749871,-0.15510919096773393,-0.7515019333118297
CMG,0.0022089329040624155,0.2932083634985424,0.2830372045865531,131.0,1.0120054261280078,5.703180446965887,0.5169811929765177,0.9973907017168611,-0.8296060731849598,-2.933974658031877,-0.22686763632366622,-1.007382775517699
CNC,0.005730419906399824,0.776119642989707,0.12739289182174263,131.0,0.6243714325606399,3.5902582986215843,0.8251602000812182,1.6243411334035367,-0.021256232040302168,-0.07670419507976164,0.33055030399550717,1.497641736099513
CNP,-0.0016844449500008334,-0.36485560847032644,0.362658790491566,131.0,0.7808226429723437,7.18053899945615,0.3156100858654888,0.9936005401273658,0.41552093194855383,2.3979919274871078,0.028602244966397072,0.20724901316152167
COF,0.003357884459538533,0.6787449807068472,0.6410717259918361,131.0,1.3318105572864478,11.42940909613765,0.40581139798195986,1.1922349929799845,0.8442167318250315,4.546586352021642,-0.2616861807577028,-1.7694969418434108
COR,0.004770068075829974,0.8715302883850838,0.18641374713873626,131.0,0.6429932167369862,4.987750733528195,0.3464599633636588,0.9200421073174355,0.1768370270052871,0.8608385726560973,0.17041228896251434,1.0415664028461715
CPB,-0.0008680800001688267,-0.17142220119577053,0.09994404840730253,131.0,0.25960124862305545,2.1764792749526474,0.4509962221986639,1.2944252086617654,0.24912171431959737,1.310718734163879,-0.013210037267115279,-0.08726488181448282
CPT,-0.004178145557293776,-1.0462268147644724,0.4614340559871585,131.0,0.7133146300320147,7.583398085878935,1.4614230866126594,5.3188162387176,-0.2706164177308674,-1.8054564949818208,-0.018423981243440055,-0.15433126250930765
CRL,-0.004648062358895673,-0.7718146851510126,0.48328927481706796,131.0,1.2005573380475703,8.46378144438659,2.00973028390034,4.850378270274119,-0.6117460152549137,-2.706467690270397,0.08446120666260852,0.4691659856471707
CVX,0.0008935279346767848,0.19444082814544725,0.5833898122180596,131.0,1.0817185774227867,9.993878334173225,-0.26341343454788013,-0.8331323338480942,1.1127573968692583,6.451644422305733,-0.032403638297143614,-0.23588550163471925
SCHW,0.006971616477137428,1.1283681283187008,0.44065397457634214,131.0,1.1397009327443313,7.831567019619162,0.406918372350418,0.9572411566955514,1.193835895086771,5.148166234002629,0.4113321905857606,2.227092044333921
C,0.0001932450682639994,0.04502032540107614,0.7295399427934284,131.0,1.499368204745176,14.830266303449589,-0.6396172859345506,-2.165793988315614,1.0861432463869694,6.741831946571274,-0.2665352874522364,-2.077222749702663
CAG,-0.0007524422456332521,-0.12667554521793867,0.10673559726508763,131.0,0.45899230664493146,3.2806920003444184,0.2407776918941925,0.5891591127875282,0.3115970550757391,1.3976665193306728,0.11017288270321683,0.6204724022056831
CCI,-0.007638987213183227,-1.5334693392585736,0.3076884676299918,131.0,0.6478781101227392,5.521703247710715,1.1056011963126613,3.22577858979679,-0.5585347612381458,-2.9873088622915827,0.0021585892825896824,0.014495642694055146
CI,0.0088733782242359,1.423054916695851,0.2236051503796933,131.0,0.626735838188506,4.267343846442725,0.2816433797640357,0.6564912697986629,0.7733801221198311,3.304580060957576,0.17739322646067254,0.9516951246635801
CINF,0.00714022722351757,1.4019906169997913,0.33806632153539895,131.0,0.711210713565667,5.928868347411148,0.3436492644468433,0.980720457006749,0.8553674289059602,4.474828440044479,0.30220850031411006,1.9850337508945248
CL,-0.002167269135375959,-0.5971700312736149,0.25016063246499576,131.0,0.5213466734897965,6.098909759615802,0.24617120443142337,0.9858688628593755,0.019046925431012687,0.139830092913747,0.08154212592448554,0.7516148181165321
CLX,-0.001788186049670728,-0.3491800331919493,0.15417091399266958,131.0,0.354975373203728,2.94289905846692,0.8876682134208869,2.5193244943948825,-0.4420882547085832,-2.300044732125654,0.09941181551780025,0.6493858927437894
CMCSA,-0.002238361201562278,-0.5147660241265093,0.500285400223772,131.0,0.9673246279620512,9.444791876562846,-0.29799181786910045,-0.9960491885837576,0.34480926228885506,2.1127554696291972,-0.29069087716062675,-2.2363473167464973
CME,0.005395845485005363,1.1771039159748276,0.13209917103049318,131.0,0.44046069905232094,4.079462127237672,0.1091612250136457,0.34611501628912555,0.12157018518220995,0.7065989441063303,0.03727948525406286,0.2720528951376452
CMI,0.0012438365062760967,0.27405801399303475,0.5299963152234011,131.0,1.0362264341519052,9.693359419005967,0.9827525390035072,3.1471694211931265,0.43741079472110744,2.5677888570248757,0.08146418712863873,0.6004461722189502
CMS,0.0025151657224123246,0.6035426841680515,0.15576824119358867,131.0,0.2920567847779553,2.9754258121175035,0.9204899602873599,3.2103854733416766,-0.04509040610699207,-0.28828107790205204,0.13410389821050436,1.0764923100683834
COO,9.065054846634964e-05,0.017352745938543183,0.3493424344463484,131.0,0.8816881867016588,7.165611138915832,0.6407340823754892,1.7826756787041458,-0.18646775270234353,-0.9510253976209853,-0.11564554738544071,-0.74055076255142
COP,0.008239895047496025,1.2520107135079228,0.5312600556471243,131.0,1.2201696929959045,7.871310436094609,-0.9760808666026219,-2.1556036287461997,1.8433445438008889,7.462485306393627,0.003911065298796206,0.019879688596556307
COST,0.006202210661887906,1.605261402675646,0.4649943094159281,131.0,0.8225589637694519,9.038715811236308,0.0982351543581305,0.36954124992431087,-0.5077683581085588,-3.501510963405427,-0.023175285165748728,-0.20065615322080466
CPAY,0.0014559721998314917,0.2440419940992785,0.44001919191940575,131.0,1.1453781028683174,8.150810580582622,1.0032025381092498,2.4439754879743325,0.163953498967785,0.7321882884286506,-0.15807464701196808,-0.8863430591024468
CPRT,0.007819245772301548,1.5298744374354538,0.48147240606787634,131.0,1.11664751328043,9.275716560399756,1.1159828503961466,3.173548837949768,-0.4703270263427481,-2.451779816482377,0.06317244169234436,0.4134725975705074
CSCO,-0.0002673816767171665,-0.055391250168567524,0.3748141506055619,131.0,0.8838858405095706,7.7740287726754085,0.16057531563884062,0.48348727737090763,-0.19794027976612424,-1.092532363496149,-0.20325669682733646,-1.4085832943605663
CSGP,-0.000189987293489496,-0.03472575635713291,0.4218749868784377,131.0,1.0233166470077484,7.941044672475598,1.3283428176163263,3.5288570908195083,-0.2442313234149157,-1.1893758795242058,0.49917581257512283,3.0521708238516005
CSX,-0.00017176420815733103,-0.03610499917925678,0.5209799838294371,131.0,1.1442154578925445,10.21134432034279,0.89858597295953,2.745307799987337,-0.08705726042244286,-0.48756247203671904,-0.0812078297834401,-0.5710323564636602
CTAS,0.009350741663812848,2.303712479183821,0.6065601471182948,131.0,1.2382052800376033,12.951358048100083,0.7803346837095474,2.794215309855545,0.11921274543331987,0.7825201184848835,0.30492695052241126,2.5130791775506323
CTRA,0.0018359948194999682,0.2157276048456064,0.08177281563616534,131.0,0.33280497157592276,1.6602157045126444,-0.5542906726813711,-0.946604537732979,0.7263430822545476,2.273875492743179,-0.07901538892684012,-0.31058043753437836
CTSH,-0.0052580026322143905,-1.0003355902289441,0.3945651356013471,131.0,1.0189350302359628,8.230227813549183,0.6096466747054955,1.6857760204976406,-0.08608147182827512,-0.43634018503909505,0.002077570762868224,0.013222357383224198
CVS,-0.007040813664244923,-1.1426674232317802,0.19927292802469898,131.0,0.6531673978402908,4.500512130598507,0.6702399118471769,1.580971432099518,0.2041453625106828,0.8827284420629649,-0.005262920846942376,-0.02857274588356127
D,-0.005631674364904823,-1.3324291994230528,0.2308604629795843,131.0,0.47779980997525046,4.799467124699877,0.6848992630457145,2.3552122228215384,0.22076057413221578,1.3916138018574664,0.1596004398364639,1.2631904549750643
DAL,0.001842463936272998,0.2542082710544578,0.424802511051769,131.0,1.1913411224319457,6.978583126462538,1.1699262157975996,2.3460966263454237,0.6415235604350493,2.358272017970573,-0.18612712775012025,-0.8590698981633004
DE,0.006957689967689179,1.2914990936461592,0.4084371981938224,131.0,0.978288026232538,7.709677524336235,0.6049277145535916,1.632034202975503,0.394434245034685,1.9507169277148202,-0.05164869658398688,-0.32071298507386264
DECK,0.0133088129171827,1.7074134766033005,0.2122247490407968,131.0,0.9425876374527346,5.134067406734823,0.6931523404678306,1.2924829418619233,-0.358604818108272,-1.225761880382775,-0.008853318439768382,-0.03799562697187502
DG,-0.0037738938943033345,-0.5663024573872242,0.13277844601684685,131.0,0.48766214241744427,3.1068354009487917,0.9263550918008938,2.020379693804129,-0.3474695333091785,-1.3892042323526719,0.24829168737147767,1.2463760229773135
DHR,-0.00010300910784333104,-0.027176500642157004,0.5303726264429443,131.0,0.8437659449845545,9.451056158043526,1.111184529493201,4.260895039686829,-0.5654067074504587,-3.974380753556725,0.15921429233715279,1.405167526417604
DLR,0.0013645938282401268,0.2546850858360842,0.23118808252024758,131.0,0.5812463839420636,4.6057548406173145,0.5192758558990929,1.408623672070186,-0.49386081513015245,-2.4558129549844945,0.21048881021852925,1.3141873104726365
DLTR,-0.0019168426610646219,-0.2553920871507015,0.17404396708648007,131.0,0.7146601683345853,4.042602035558994,1.0787450226493966,2.0889907503087746,-0.026357146651656508,-0.09356425632060365,-0.011075451125102914,-0.04936402242477456
DPZ,0.004805111912135393,0.7025486494947263,0.21893936015234083,131.0,0.7282898362960637,4.520823872596343,0.5911393317390969,1.2562020386240582,-0.7356289711081853,-2.86564459541454,-0.17138119547620959,-0.8382319481224236
DRI,0.004388650584908515,0.6835432051513117,0.30183415423048254,131.0,0.8855924928189274,5.856111463659226,1.0222564551285296,2.314150334852845,-0.08819918704641473,-0.3660076427514263,-0.1950134052995998,-1.0160792371437464
DVA,-0.0024427339715980137,-0.3664547320818258,0.32969933595554646,131.0,1.0708712045041624,6.820588440470445,0.6444062958382859,1.4050787896444845,-0.2784220386245953,-1.112854476496992,-0.22549354498010057,-1.1316351304007846
DVN,0.0005355756480125702,0.0512920593399823,0.5161714067877838,131.0,2.1413633041585456,8.70683094775199,-0.2269438012234596,-0.31589618435091504,2.0099739377740606,5.128736022997016,-0.18468385552964467,-0.5916793217871632
DXCM,0.004505991662448501,0.3887806816351799,0.24083046233826055,131.0,1.074935807630069,3.937651398420304,2.1598080858517434,2.7084835174917834,-1.1238296177242717,-2.583481599063738,0.6985367356194829,2.0161910775974365
ED,0.0017396167610810927,0.37314287147429775,0.08558104621528007,131.0,0.26703279145138437,2.4317929983285294,0.4691182877195031,1.4625161500351327,0.14725734588643805,0.8415678589906203,0.06760369432741838,0.4850875633715673
FANG,0.012853981237809599,1.334278620915917,0.4122881734848992,131.0,1.6034135656332922,7.0663453954915205,-0.39868491194995126,-0.6014996891798656,1.6580872444393522,4.585712784108717,-0.045684129404804825,-0.158636224010951
GLW,0.0002425105059290725,0.04969862501377107,0.472853968461702,131.0,0.9989688184875942,8.691729270256289,0.6823499700678247,2.0324400015348996,0.02814246054084581,0.15366200223480625,-0.27872627933626476,-1.9108204408619913
KO,-0.00012117880394165958,-0.034485096947108315,0.3081102239909004,131.0,0.5656272391895532,6.834009018565068,0.02804201443777906,0.11598738027301272,0.23434533361696086,1.776853842715582,0.016916599118578807,0.16104453526756293
STZ,0.0017860398603862435,0.3611433659592506,0.3237887536468149,131.0,0.8184912379113644,7.026563429557164,0.3259299541724848,0.9578764834210557,0.06441524017699628,0.34703056786143716,-0.052838377162692636,-0.35740951486798517
DD,-0.006771482301707782,-1.2162421763133655,0.5184435304287762,131.0,1.3070329285733044,9.966973029954726,0.6278663167543121,1.6390803286053937,0.2278764388022101,1.0905016871298303,-0.20654708396365626,-1.2410335575553113
DHI,0.0009696507474763837,0.1566900238071977,0.5472318949378279,131.0,1.4293624135074665,9.806382066709823,2.280625926420991,5.3564469533821875,-0.2028095983083924,-0.8731826966452154,0.11638824633255859,0.6291631521606628
DOV,-0.001050660034468274,-0.3054921235178582,0.7068020622210804,131.0,1.2552961276930616,15.496172275747803,0.5417334634739953,2.289392254451085,0.04236135327711138,0.3281695159327668,-0.15924146791243388,-1.5488955145869132
DTE,0.0009068295706508307,0.24873964085520556,0.35594547881078864,131.0,0.5340400539521653,6.219186816142386,0.8914957249007752,3.554146584327369,0.2213332112983339,1.6175455556241156,0.1400460248109629,1.2850447760044104
DUK,0.0004395124539380008,0.10452320663185141,0.1527720343415131,131.0,0.3331585342227472,3.3638213598869973,0.6009369286707696,2.0771467163934334,0.17204474548929308,1.090118119652988,0.07884320494186746,0.6272403003663712
EA,0.005596010623845529,0.8856695342225115,0.25423264588491357,131.0,0.9303842776326768,6.251669064737674,0.25525029886702705,0.5871596135835397,-0.043663351284378295,-0.1841199497100912,0.30551222046901627,1.617520923784543
EBAY,-0.004539112585403891,-0.7551550188871679,0.4564349498029503,131.0,1.2748559233842882,9.004647296211687,1.0638260222171025,2.5723645084454185,-0.418841449960677,-1.8565447367424024,-0.025184994926184326,-0.14016357662690165
ECL,-0.0043750056960282085,-1.2199540967096523,0.579378895919133,131.0,0.9968250597508482,11.801147988205866,0.6348522281709217,2.5729672384681743,-0.3176131272994241,-2.3596843765724365,-0.004053668572022356,-0.037813010035783676
EFX,-0.005139919825499939,-0.9358851877509587,0.5509861809520652,131.0,1.359420223068189,10.50897593264209,1.0121643331704124,2.6786378405051847,-0.8226846498369965,-3.991078125284552,-0.12306751912233022,-0.7496142261680574
EG,0.006066695228033925,1.2359915932313306,0.2660622518877104,131.0,0.5654481458268542,4.890987640800545,0.271239099120421,0.8031790529126692,0.7078994872214344,3.8426032243007184,0.23326907492033785,1.5898225442605924
EIX,-0.0014024200747899992,-0.25807695135623854,0.2722747096095266,131.0,0.6499395070100605,5.0779039144129765,1.0900806776796912,2.915590206812557,0.06999423948990524,0.3431816083521727,-0.027746445903359198,-0.17080737030819612
EL,-0.010488311511563486,-1.747283786259679,0.3833424968961072,131.0,0.7606879925068085,5.380279931445493,2.0531470927404087,4.971353832587661,-0.8551268217642735,-3.7955874671021625,-0.32811463998756485,-1.8285701360542603
ELV,0.007663311099404399,1.4096876511141427,0.31827438286088694,131.0,0.8746325404869199,6.830814821305137,0.17643164715117735,0.4717149806512767,0.6437621402953625,3.155167916623113,0.3093858049493503,1.9038598169907541
EME,0.011906106410410849,2.211421782685623,0.4446590280401507,131.0,1.1229189392716223,8.855042955189433,0.6654074722220739,1.7963304761436678,0.5066560116657833,2.507296125736881,0.22182230212330373,1.3782727720038603
EMR,-0.003762330972005923,-0.9148442390961737,0.6426742005239705,131.0,1.288999753277479,13.307100480517335,0.5551608983380312,1.9620305753232117,0.2897727557291431,1.8773200431818347,-0.06911981941540613,-0.5622389124876662
EOG,0.0067045780125735465,1.0206651776247473,0.5727497865378108,131.0,1.3649364390068996,8.821952595127414,-0.521016361557144,-1.1528158861005426,1.7616207950722154,7.145208134851885,-0.08793110643690544,-0.44779839495802365
EPAM,0.0017088289288896823,0.17892930494711703,0.3148453885663315,131.0,1.4903054446648525,6.625194269201842,1.2221778104797034,1.8600046204316703,-0.6170600655565701,-1.7214758495349831,0.34385858274603776,1.2044558941851096
EQIX,0.0026373724606056923,0.5878947727259127,0.3573519083786698,131.0,0.6814716315730353,6.4493560759228,0.4131941099914029,1.3386868429278898,-0.6289111578926038,-3.7351499169821305,0.0739822519655476,0.5516756604153721
EQR,-0.004769549019295873,-1.111659658646346,0.35762429692508146,131.0,0.7121265647764714,7.046803444424406,0.46274367598041444,1.5675873945952843,-0.11209866768891488,-0.6961223636798695,-0.19555221978905218,-1.5247035951469965
EQT,0.0005249562552229773,0.038800974100963045,0.09259692957892995,131.0,1.0073138681530434,3.161001987861469,0.4945404912679909,0.5312734474926707,0.2756951958488553,0.5429243476203436,-0.005936755314479657,-0.014679011425101626
ERIE,0.008598221716178236,1.352844681270192,0.12444938988175014,131.0,0.4366055408950759,2.9165470297055944,1.0547581076401888,2.4120644748328774,-0.13044804835677662,-0.5468490863870651,0.28271848160722146,1.4880641146290712
ES,-0.0037306154324766544,-0.8331210374051375,0.26043332978660594,131.0,0.45089012869801576,4.275026274117473,1.3007418021991515,4.221973055924015,-0.08929716014246632,-0.531319643199464,0.10386294256073501,0.7759189994254673
ESS,-0.002703281876925421,-0.609468874463902,0.3647090331010997,131.0,0.660843616296239,6.325565243021091,1.1405787743290225,3.737508807726873,-0.14309221849301776,-0.8595414435041374,-0.10640104937870692,-0.8024800686760439
ETN,0.0012367734102630159,0.2965521070383401,0.5680360908262636,131.0,1.111198522375821,11.312093126449332,0.8366244826678958,2.915668770155817,-0.15932987794674927,-1.0178849755268935,-0.0808563795124799,-0.6485647051029988
ETR,0.0027782884489218214,0.5748362032068073,0.2397703397346833,131.0,0.599257532483456,5.26405869071594,0.6068321679479473,1.8248707689811425,0.3378089818649591,1.862209670878438,0.26909204605801024,1.8624978706538395
EVRG,-0.00045573647876959904,-0.10450492714717775,0.2846857042271417,131.0,0.4468703413922051,4.350557852619303,1.352481474417871,4.507658854949239,0.0324852546337642,0.19847227864192477,0.14523515787067204,1.114096681503385
EW,0.0037921661495734383,0.5394536211789994,0.29562837507751805,131.0,0.9858844930013506,5.954334563974406,0.6281579929901195,1.2987704146421253,-0.7552014024354909,-2.862332946088675,-0.002005635858062527,-0.009544363829938573
EXC,0.0007145045501889458,0.16407918823425366,0.24123278479865862,131.0,0.4472402774612579,4.360435334166978,0.9383039776164823,3.1317623481764825,0.20107047548826953,1.230233109062945,0.14764054894706638,1.1341808136339682
EXPD,-0.0004103807044466499,-0.09191968445193242,0.4306672518665028,131.0,0.8808002235862994,8.37605365176694,0.49268373129845583,1.6039342276597097,-0.15555327214405393,-0.9283064103433903,-0.22096741270406114,-1.6556859669133936
EXPE,0.0016439697215732175,0.20348747968899145,0.41829194459726937,131.0,1.473707146151018,7.744537908331128,0.8142240297775097,1.4648209238306404,0.20392204383684462,0.6725098655576817,-0.41875042035625626,-1.7339129070038861
EXR,-0.0009053933816312878,-0.15839323707600075,0.30860173514246736,131.0,0.6312236284984074,4.68838220142103,1.8180406810676546,4.622742015872377,-0.5760792976718656,-2.685172517799133,0.19536409051104905,1.1433315924734335
F,-0.011823404332456247,-1.7321182541858238,0.467255188651471,131.0,1.3593083150437586,8.45460676074692,1.3026806842910224,2.7737653061172773,0.04585512654370847,0.1789837072651377,-0.2884682217514139,-1.4137125694791768
FAST,0.00031642213985756977,0.06414974539745517,0.44416522862421715,131.0,1.0049780989766042,8.650179377399429,0.7080435068356593,2.0863384382792867,-0.12351868148437459,-0.6671927632693296,-0.1675443425066851,-1.1362816323412128
FDS,0.0014270657392648491,0.362976839385062,0.4504792616755915,131.0,0.7982588577960728,8.62023535516135,0.6442695456145254,2.3817670291751187,-0.46710580172908034,-3.1654889551922865,0.04055747154062494,0.3450912535703679
FDX,-0.0016672110279500507,-0.2760403008803258,0.44359237894523107,131.0,1.3329015752303963,9.36958684872962,-0.5020049000420239,-1.2080547444470666,0.147194555348593,0.649328208089675,-0.19163103483885396,-1.0613922391445834
FE,-0.0017069843110962242,-0.3376515084014332,0.1362577380032567,131.0,0.39634943461662137,3.328571189416918,0.7207564520097689,2.0721655281596645,0.07733710090905685,0.40758449886958537,0.0758858377543898,0.5021437282300885
FFIV,-0.0016055175734811947,-0.28654898417001906,0.3689258068088682,131.0,1.00341806567205,7.603370747382158,0.12255122133479446,0.31790561199921535,-0.22018041324261287,-1.047015469198743,-0.27767954115624244,-1.6578904800822107
FICO,0.01787874549870135,2.889188206098903,0.4203367888208668,131.0,1.2670079560049394,8.692777731862027,0.44215041520126713,1.038497772777106,-0.2014596434880412,-0.8673960862578596,-0.1472478626992386,-0.7960052569317104
FIS,-0.0015929310402193694,-0.2855015529887244,0.3104282160824351,131.0,0.9303623679263885,7.079524308738463,0.11097637443326805,0.2890937971599033,0.34387500006355665,1.6421117528997407,0.1231866743097382,0.7385899188563959
FISV,0.008718728684737503,2.0660571427070757,0.4282143751812677,131.0,0.821328853101888,8.263169999987152,0.5058906468775556,1.7423787150149919,0.061587795139040905,0.38884312828925915,-0.14242763376161874,-1.1290458273200272
FITB,0.003659190596050645,0.7655969810399504,0.6728036362053711,131.0,1.2631215650077707,11.220204514411591,1.0180907080086916,3.0959817788653954,1.3076010705022407,7.289219942153193,0.18515190933717976,1.295900093372863
FRT,-0.006315024066318246,-1.417522929807161,0.5238186043616777,131.0,0.894752197793988,8.52703997023879,1.1403808422000143,3.720503665810509,0.14474857087195275,0.865685161536343,-0.262409577868662,-1.9704386179014661
FSLR,0.0035089124826588203,0.2848164824912232,0.18040940708694075,131.0,1.4328154038345318,4.937683698061003,0.43313109012043466,0.5109856239014651,-0.2788172934129448,-0.6029799831232825,0.08955392720586118,0.2431674065579274
FTNT,0.013660696142568637,1.692096919113656,0.24940558167424998,131.0,1.000192077977987,5.259885083258995,0.7693305490711976,1.3850393832258112,-0.7735230049543275,-2.5527967828101095,-0.11603071976128493,-0.4807879061028346
XOM,0.0017608235111196899,0.37127062137766664,0.5440505162342832,131.0,0.9303400664750252,8.328310789506343,-0.16212908593487574,-0.4968581659107371,1.212504244015202,6.811592050719928,0.004494020716578272,0.03169844599894253
BEN,-0.014518764213918966,-3.0783409541674556,0.632648611949111,131.0,1.2675881998909901,11.4105268607753,0.9929988594591379,3.06007843822575,0.3407236317655464,1.9247748274055574,-0.3200806150789236,-2.2702547129291477
DOC,-0.011019609291380343,-2.0098019816742005,0.33100111332318793,131.0,0.7532408715257605,5.832589247329826,1.3128801500779876,3.4802376170992813,-0.017049122434630005,-0.08284755752234053,-0.06276641033892966,-0.38295038490742117
FCX,0.0005184631626507816,0.04297763697578155,0.3768848783413177,131.0,1.8325165550802356,6.449305909764564,0.8966336883618243,1.08028021401733,0.5019335760515845,1.1085658164440928,-0.8333751953851777,-2.3109648691374027
GD,0.002730424771733435,0.6501152955087999,0.3986201115606205,131.0,0.793573575474831,8.022095150405882,0.3229128562126044,1.1174863984992343,0.4404888575659207,2.794381528298542,0.14040951331078005,1.1183682976614928
GE,0.0010104207912068322,0.1474486012693716,0.4265892642701944,131.0,1.0542546671050363,6.531671845998954,-0.14276676986989842,-0.3028044532542543,0.46808755413377623,1.8199358629881865,-0.7246870583902388,-3.537667679444302
GEN,-0.0032228413819172445,-0.42279840071239055,0.2573966175216864,131.0,1.1388519797343717,6.343108317413921,0.2240154395808953,0.4271388730003725,0.44563893867640947,1.557643767825262,0.39741990221113666,1.7441031308285309
GILD,-0.0010720798793858585,-0.17210453021191738,0.09450764495968189,131.0,0.5240043229071367,3.5714162372553213,-0.3542447183801977,-0.8265426759285446,0.2027977786595458,0.8673990788910172,0.08308750249171055,0.44619942547966357
GIS,-0.0003243056671032565,-0.07257566296312588,0.09248935891797416,131.0,0.29898240773988977,2.84068155261086,0.38724990940515897,1.2595764725416905,0.13491025425175646,0.8043999607694515,0.07813658552704829,0.5849504078671209
GL,0.0029208164041708952,0.6822911704077764,0.47153749192783967,131.0,0.8783130669503565,8.710744553769725,0.3124598851017452,1.0608561586221066,0.7732059120131233,4.81228416137781,0.25671021946978995,2.006027097078326
GM,-0.0031319884189603474,-0.49932847866594726,0.48000910830150745,131.0,1.3744952774428287,9.303575426152442,0.4955420565758891,1.1482684939816048,0.5425153797288441,2.3044582764170207,-0.05678644590271116,-0.30285798057076535
GNRC,-0.0012189356351513065,-0.1237475830970171,0.2785952560212597,131.0,1.2059994061492807,5.198086328975507,2.057073538705275,3.035306211935533,-0.7249898821929088,-1.9610041089611252,-0.2625719697127618,-0.8917281138685379
GPC,-0.004988070522016099,-1.1400297675045155,0.5234757940651318,131.0,0.8809376917757563,8.548093043200566,1.584829306018124,5.264569229657525,0.12675961781466086,0.771889500740193,0.001916885256181466,0.014655743940276075
GPN,0.0029841651791542873,0.4650802655959583,0.3073367195089002,131.0,0.9399950254419306,6.219723103478439,0.8576565582404064,1.9427423496963403,0.08611831775024555,0.3575948018701891,-0.09537700886367263,-0.4972524100943148
GRMN,0.0031954653989320556,0.606421443967002,0.3747762115347535,131.0,0.9480832064107225,7.638838475980622,0.846350616081888,2.3344656436767988,-0.07620535358742836,-0.38531553541580577,0.030545004001754177,0.1939138202485108
GS,0.005369401180680132,1.2619466082497126,0.6691915833460889,131.0,1.3644451264261814,13.614811828909934,-0.33933386484371136,-1.1591484838685924,0.9235084703065548,5.782912431164367,-0.048767232376979774,-0.3834170144926882
HAL,0.0020971820014757687,0.25863836112166944,0.5991881381955639,131.0,1.8949670572527388,9.921993185173573,-0.45572857415096407,-0.8168829258959173,2.500618159041287,8.216650314406996,0.35803682988164065,1.4771094142725572
HAS,-0.0036748383905961667,-0.5690740524142657,0.20546488501870053,131.0,0.6905917629059496,4.540381811349345,0.7169801858440924,1.6137432334039898,0.0022687597699091447,0.009360728689138178,-0.1540702177104314,-0.7981368828044654
HBAN,0.0015686446671342564,0.351144552179617,0.6619678480031362,131.0,1.1530259669427554,10.958242015749912,1.1883814175570118,3.8664638231446253,1.0927541097023326,6.517400538997027,0.18776401442971846,1.4060535610884988
HCA,0.005075476226590407,0.8023078956763087,0.4457321344236097,131.0,1.348143139987121,9.047752595197194,0.5773355722635753,1.3264452434258163,0.14391306721150074,0.6061151002788289,-0.08399040845354243,-0.4441422687658469
HD,0.0016112789007620245,0.4246516074468532,0.5740062100400937,131.0,1.020759249122644,11.421570323430227,1.064180376302478,4.076374156840476,-0.1756547819076935,-1.2334246840898833,0.1904882970565115,1.6794168125992548
HIG,0.006223414544294662,1.500367918622473,0.5539015650008555,131.0,0.8814954909896109,9.022555789386304,0.8373809560199095,2.9341942378008095,0.8989874047305997,5.7744849272346315,0.2961873361724419,2.3887113316797435
HII,0.0016854882839637004,0.27855599068635256,0.27656764513722465,131.0,0.7168759378708124,5.030037356529316,1.0882215537684268,2.6139713881161097,0.4091998397747181,1.8018259029054133,0.12885763314026025,0.7124018850413888
HLT,0.0050656042204883,1.0555334960579834,0.5319245181267271,131.0,1.1637343312849935,10.29520629400857,0.6644589627961976,2.0123599703610346,0.14205401143440186,0.7886510265474461,-0.1573641932358282,-1.0969196825985272
HOLX,0.0012100081723356128,0.20574187031667926,0.3261833198843509,131.0,0.8290125422259912,5.984610954489912,1.4562680344257375,3.5989220305853684,-0.1438902483591146,-0.6518630259548516,0.01610794103985727,0.09162258832493278
HON,-6.528061694353701e-05,-0.020528390711696046,0.6454224079229742,131.0,1.0620030629802777,14.17871477804065,0.14224650705718053,0.650143173589667,0.32404119644868845,2.714947825575939,0.07903738357315541,0.8314408437155048
HPQ,0.0011905358789386755,0.19816548458730696,0.39354248818934734,131.0,1.1649044715860413,8.232206954955075,-0.29190090079980097,-0.7061837208820625,0.29482481826223755,1.3074954043795792,-0.1738494679004243,-0.9680260317433972
HRL,-0.001892822221761044,-0.3673534069557459,0.12721366694415437,131.0,0.17753136210155177,1.4628162406329166,1.302449775868572,3.6739392653482916,-0.2631479989278319,-1.3607079557351136,0.13310954136645314,0.8641946596200363
HSIC,-0.00381765321506438,-0.76402707118711,0.38812319744321044,131.0,0.8003628585744164,6.800481130746797,1.2250643279728255,3.5634273288418314,0.003279068594412519,0.017484506503953414,-0.08073722786707856,-0.5405230889020225
HST,-0.005797313241068055,-1.2169089543431113,0.5975932581580006,131.0,1.214307797362158,10.82182597451057,0.524362693411507,1.5997784663333963,0.5516062032701201,3.0849708702749594,-0.24294863383264,-1.705979964040493
HSY,0.0008595634823029117,0.18731092104124122,0.09100855469773572,131.0,0.2781988201230857,2.5738359857079325,0.6056701628583687,1.918306787634601,0.016414274708582203,0.09530099749621945,0.1025001585224473,0.7472016545329242
HUBB,0.0001585536271065853,0.03139376715652561,0.4426631067766277,131.0,1.0297521719020601,8.656461664869294,1.025723532204831,2.951850183742697,-0.14760302797477315,-0.7786694288671808,0.014754145332276699,0.0977258493224548
HUM,0.0033347157591311627,0.4654836114887669,0.15019872318227467,131.0,0.7575180506628373,4.489303855686355,0.24363689234208905,0.4942940307255006,0.26342274153275447,0.9796917360447852,0.3745588619988945,1.7490160515415238
IBKR,0.011106079614894017,1.6433327623979659,0.23654124160665901,131.0,0.845480606785807,5.3113977318630425,0.9557689754404723,2.055485424574017,0.3135702020075695,1.23620393920184,0.43952660700387913,2.175594973905268
IBM,-0.0025904882821960766,-0.5363821313419258,0.3705694972342163,131.0,0.8996167612209303,7.908436830886788,0.003900080288615348,0.011737158203034878,0.43599181293269285,2.4052576785973363,0.08268608467747576,0.5727343652388619
ICE,0.0009655765807545533,0.23507671258299068,0.4277195690991701,131.0,0.8742211537345433,9.036175102716543,0.24950826088282144,0.8828858476235618,-0.2036709469330444,-1.3211209320603252,0.015734240850437755,0.12814357143376812
IDXX,0.0008986343712045241,0.1498240064290091,0.462846230972099,131.0,1.08682363303755,7.693038333082498,1.9346996577924231,4.688227486882394,-0.8830305293118621,-3.922515836957142,0.038288689112873385,0.21354874502615567
IEX,-0.002311692456469532,-0.6693104310639103,0.6112151660546273,131.0,0.9925320112632426,12.200636898415407,0.9808011008203935,4.127387299640832,-0.1962378513019121,-1.5138084450438916,0.0134015445430166,0.1298017467741889
IFF,-0.005250918890842865,-0.9085678493700996,0.3934370138797739,131.0,1.0741056566335319,7.890590417019328,-0.012621606429720123,-0.03174193732815057,0.3626368734341998,1.6718011616179536,-0.1751397230330066,-1.0137593167255452
INCY,-0.007120987401025498,-0.8503341585234586,0.201379535893759,131.0,0.7599142536023227,3.85260461612564,1.9291669938346405,3.348235310352949,-0.38328049008130194,-1.2194295846173133,0.11818352364670429,0.47210052936652125
INTC,-0.006794148208329857,-0.9606138611842266,0.26015382931528086,131.0,0.9504350100942902,5.705276544779656,-0.3897395357896714,-0.8009124364575906,-0.13047696539849654,-0.49151670901621297,-0.4138024230102267,-1.9571990985393672
IP,-0.0030736331056585844,-0.6049731587598088,0.516304252805109,131.0,1.1231341424730574,9.385472747832159,0.18832455155380598,0.5387505969208769,0.570773683227646,2.9932199290229313,-0.21067764160425145,-1.3871731510116583
IT,0.005286679565703144,0.9700371659879191,0.47826848083395523,131.0,1.2689120865433265,9.88501567815985,0.6773342486258975,1.8063635584434388,0.08772681104109203,0.4288726338006348,0.08611422323643521,0.5285771924791227
ITW,-0.000786956940742761,-0.27282101480408405,0.7369199527763645,131.0,1.0904113669408038,16.049357910469052,0.9283853540264679,4.67791010420241,0.012888344200771715,0.1190459382046243,-0.08919423252940321,-1.0344077554764817
PODD,0.003541991157965703,0.3720273331035063,0.2531911048276937,131.0,1.144897358313883,5.105454048402093,1.8259783059628028,2.7875311611516573,-0.5387422231934623,-1.5076446694172203,0.46134857134903084,1.6210062952023165
INTU,0.003918549983797567,0.9774617926042751,0.6017965163498853,131.0,1.1846476954234808,12.545964539571926,0.16767874766895613,0.6079238229994368,-0.4888426357132027,-3.2488830836533773,0.08697179022027424,0.7257398229277564
IPG,-0.0025529300960020424,-0.5632552385486582,0.537334306018597,131.0,1.0242256780940546,9.5940597365108,0.6879128540747385,2.205954153377057,0.21711699913809623,1.2762940668316234,-0.2742997942218513,-2.0245100792592416
IQV,-0.0012750278374182285,-0.24339888328277912,0.5307982502625728,131.0,1.2560142040332172,10.179674876765542,1.5523385636402955,4.307071707784006,-0.17994226512400918,-0.9152141031654464,0.22641693765782223,1.4458923897502138
IRM,0.003509452987410052,0.6461586522215294,0.3660306758186138,131.0,0.8684651453933144,6.788793060559771,1.3756243784601072,3.6812587119620597,0.06883285802324639,0.33766507501357357,0.18511257658361396,1.1401547631965128
ISRG,0.006485511727046699,1.2640780257672974,0.5531342701693327,131.0,1.4124957747681155,11.688458314806331,0.07883090287185417,0.2233175603601927,-0.12930005270202444,-0.6714581365447251,0.6267973749512955,4.08681470052605
IVZ,-0.009937624697965334,-1.5245851341388694,0.5255333533928626,131.0,1.3425872295957644,8.744843538973951,1.2321034678995046,2.7473438041084206,0.601485265508378,2.4585819484129146,-0.2591465880253322,-1.3299727104124752
J,0.0015750388700746765,0.3176946747511648,0.36426257905385784,131.0,0.8631203553877611,7.391463898878573,0.4858194183507086,1.4242632551095853,0.21752421033486588,1.1690063383508806,-0.026409865469615042,-0.1782021720012004
JBHT,-0.001367507107000712,-0.2986366353989752,0.49628682731906815,131.0,1.1088529112289311,10.28082283110936,0.3182714586844146,1.010201310755932,0.23885780399706485,1.389771921858936,0.030058634663686076,0.2195891547325844
JBL,0.007591079097456013,1.1425763761220946,0.36459852624992173,131.0,1.0425934856201025,6.662499244561465,1.1874425934257489,2.59771252197051,-0.22138163970861527,-0.8877975242297411,-0.31854752849912016,-1.6039251918809374
JCI,-0.005548844127659746,-1.2525735413192631,0.5912153456454149,131.0,1.149832905953071,11.019855091563107,1.5839854245311746,5.196951102799773,0.015988922445506013,0.0961635550997756,0.10651898472379906,0.8043700133575901
JKHY,0.0006223290725594903,0.14686641594387637,0.32967014104987735,131.0,0.681942482907296,6.832672352217809,0.6741181812184307,2.3122521314309643,-0.24266015769854316,-1.5257784915177268,0.11499085517433873,0.9078076867050121
JNJ,-0.0006310790685553606,-0.1829783421432456,0.3207586983168915,131.0,0.606044498377343,7.460378601695379,-0.04026629995011005,-0.1696892687312325,0.2655543021909496,2.0514449174517626,0.15438514145331936,1.497440440478202
JPM,0.008749491703651692,2.6281404059212856,0.7223799420538344,131.0,1.173258299800976,14.96235025192444,-0.3434599595808454,-1.4994728107197577,1.1508732162831377,9.210513188975153,0.1997955245085647,2.0076113409959753
K,-0.0006757012181920574,-0.13941427600563858,0.1495264744211009,131.0,0.46806754212469276,4.100166700936048,0.44220597272802004,1.3260927210822995,0.19173411887850203,1.05400471572909,0.22625938039870758,1.5616628692201422
KDP,-0.0026770862167701977,-0.3321836155245377,0.075644849699117,131.0,0.4353725141861906,2.293597991202192,0.9381219670369444,1.6918891151154036,-0.2271491442060217,-0.7509613069525591,-0.025383589027034886,-0.10536515792890937
KEY,0.002077013809406862,0.37955646582744607,0.6157128271821444,131.0,1.237670877347919,9.602462597860413,0.7943511577210766,2.109824271473869,1.4092150859402321,6.861276165369215,0.11588343543513786,0.7084129911424262
KIM,-0.005502546050895672,-0.9476601110799676,0.483824933667117,131.0,1.1295771053960333,8.259337982091255,1.2368589826071181,3.0960348706295204,0.31430883928607745,1.4422352823052533,-0.1885075503860004,-1.0860399718825404
KKR,0.0022951734582918907,0.4036570014469911,0.5672864516474083,131.0,1.6347433172130392,12.206382909689564,0.4000710788463988,1.0226590719041093,0.06860405881059883,0.32146773731141215,0.10500730888174171,0.6177953716705611
KLAC,0.009059183108512728,1.5066925996785654,0.45904781176636633,131.0,1.374864895971057,9.708141166006723,-0.571319224302769,-1.3810557053865633,-0.042948956282860794,-0.19031754976144744,-0.20723708796832113,-1.15300514028949
KMB,-0.0036726087650420223,-0.867309155936934,0.17193167476474824,131.0,0.4458532233369131,4.470248001037947,0.40651228176469884,1.3953066923470068,-0.14981982885417872,-0.9426688743781273,0.024569924563072568,0.1941025464337843
KMI,-0.003419483742766541,-0.6175827368293462,0.38964076505724277,131.0,0.8262412003988123,6.335514566428452,0.3076965309377546,0.8077071838540836,0.5937248538491174,2.857001312013828,-0.23796658355247619,-1.4377346021729127
KR,0.0047867679562462705,0.7193481586662335,0.10155148748493237,131.0,0.539579446044577,3.442647853365324,0.31150279068046227,0.6803861181253771,-0.15009964793041572,-0.6009897164899364,0.06698871222468124,0.33676467931258647
L,0.002755660597520617,0.9638055540666227,0.6563714334826973,131.0,0.7957118560127947,11.815713975698122,0.05223316260120524,0.2655258218091066,0.8495289239191827,7.916486477399321,0.11299979503895169,1.3221158115404716
LDOS,0.0044866676321519494,0.681215900843763,0.25904916352348306,131.0,0.9755663170737657,6.288660034428489,0.1187031458213424,0.26195087160824415,0.4878305044097631,1.9734241459679387,0.30821660207148766,1.5654710885676508
LEN,-0.004011530734936221,-0.6925331734756446,0.5726006755841427,131.0,1.354024255481886,9.924241957354429,2.406981617595263,6.039485910542354,-0.41768717177034337,-1.9211983324218491,-0.02443234257730953,-0.14109892727974196
LH,-0.0012442167002637444,-0.2789490554541922,0.5042193142239004,131.0,1.0004130436284266,9.52244902634973,1.2661383088711167,4.125786584177352,-0.042178764341913665,-0.2519493995333364,0.1294560482322539,0.9709108617605096
LHX,0.004882875957528342,0.945519744274346,0.32665160647384106,131.0,0.8519852285058418,7.004343201437275,0.13823251393137256,0.3890468093143257,0.6271334970489798,3.2355306249031965,0.3064331978647114,1.9849924940953458
LII,0.0042780597865386795,0.9600016818093998,0.49278468567568356,131.0,0.9719274055835264,9.259753262989982,1.199678059541246,3.912790557558892,-0.3223471667664736,-1.9272568935950605,0.02767501411690658,0.20775005165963426
LIN,0.0020712389989183287,0.5769013477668398,0.5031704191709755,131.0,0.8859659531072684,10.476803864645154,0.2540049008288261,1.028277128564407,0.11592206049363372,0.8602566469804694,0.0031252786356714465,0.02911978921960024
LKQ,-0.0067136501252076436,-1.3315541816367007,0.5628333803432245,131.0,1.2387545707133067,10.430997712503476,1.4270168730856703,4.113637208501301,0.2381145964675052,1.2582784618431153,0.05769514478480556,0.382796140805258
LLY,0.016365844365870637,2.696588750222305,0.14639534128446063,131.0,0.459546381027458,3.2147417760664205,-0.5382140863173215,-1.2889263517699807,-0.18587815506577035,-0.8160095864972645,0.345473724491591,1.9042302883621827
LMT,0.006400100061964868,1.3701174722689653,0.28547922927695457,131.0,0.6653887516873962,6.0476540202941695,0.15002997394352144,0.4668160889673724,0.6269067140723286,3.5757287624098173,0.3364009803379178,2.4091089358966897
LOW,0.0003638533106994501,0.0777958560910442,0.5454555808319279,131.0,1.1135885086511843,10.108700190798018,1.6031573604147482,4.981992023712202,-0.35438982372102235,-2.0188403773132313,0.19657095260778001,1.4059750722877986
LRCX,0.011188412709805152,1.6512577440065592,0.4504167761697997,131.0,1.4155083319882633,8.869502523563865,-0.14602841867808747,-0.313242378504477,-0.24527403102380357,-0.9644696465620199,-0.5083961307983885,-2.5100176258458924
LULU,0.0052514680299988155,0.6133176010880304,0.24388728596384113,131.0,0.9438425644890469,4.679987610538543,1.2788488551585337,2.1708042474070814,-0.9705767605434023,-3.020126937036381,-0.043648789927833116,-0.17053167420705484
LVS,-0.007877144150199808,-1.0439571187437398,0.3380906467887419,131.0,1.1651872266046688,6.556167252174097,0.2729390091226431,0.5257462925523325,0.23507640073356098,0.8300676828875654,-0.38876085792651327,-1.7235526083694244
LYB,-0.003574851814905803,-0.6976343997960268,0.5591999112297481,131.0,1.047282155963322,8.677087743459076,0.43130323934888837,1.223345994303717,0.5835245242301016,3.034027846065484,-0.48318461440517047,-3.1543587529458357
LYV,0.0062061552939196895,0.9209986335118455,0.3735907644998725,131.0,1.2717803498056355,8.012884815701417,0.21131974655695182,0.4557987918144829,0.11936606861247166,0.4719628812823899,-0.08767461796502764,-0.43524959386507867
MA,0.006746328288750386,1.6331900602316585,0.5126573284648297,131.0,1.0725792415404236,11.023997009484903,-0.0696061761880477,-0.24491409219052232,0.0783047796054245,0.5050660013301002,-0.007717054781152108,-0.0624955343118767
MAR,0.007125845354483827,1.373443859512299,0.60805446778721,131.0,1.4312855926953743,11.71227499727447,0.10739596219604093,0.3008563716400262,0.5193641597033215,2.6670865031468467,-0.32453818862216094,-2.0925144800231887
MAS,-0.002521844786601501,-0.5359277024274347,0.5934259851144368,131.0,1.2220139617403858,11.025656630691692,1.7606251633455994,5.438153964391739,-0.35753661105352486,-2.024412353039708,0.041527884005609625,0.29522681496420594
MLM,0.0034526455785216705,0.5725437624436547,0.346928556172139,131.0,0.8782108517438517,6.182952777820893,1.5510966721328485,3.738456189259868,-0.19583549690118277,-0.8652442236988679,-0.05520111206839913,-0.30621937119903675
MMC,0.0036058665518204284,1.224272308051772,0.6032266694268131,131.0,0.8759401643658016,12.626508015760615,0.5467259460481156,2.697955624444467,0.0438442362026286,0.39661715148952054,0.0679399479202804,0.7716524349410683
MPC,0.00985400468992999,1.4332818982143833,0.5457532214350345,131.0,1.449784293522991,8.952878359044032,0.13684514508546525,0.2892977039921609,1.4800845225108257,5.735826083608315,-0.04152349281005638,-0.202041634891723
MTB,0.0038075357510412686,0.7945209298274787,0.5296037993200187,131.0,0.8354254938069958,7.401325741899453,0.6423949319512036,1.948319600106784,1.0441353725961342,5.80508745985528,0.014365683512931583,0.1002803386214058
MAA,-0.0022817686579315617,-0.5442456602645801,0.3973258362134081,131.0,0.6557103503802333,6.640118738361678,1.351477621200916,4.685208950057194,-0.35872157642647073,-2.279667301125222,-0.008669580202811857,-0.06917506534203251
MCD,0.003272081742219952,0.8999283367789846,0.3382024956867088,131.0,0.6548206099256012,7.646216039269509,0.15685298360121944,0.627008325933597,0.16485136113312146,1.2079999767656857,0.114541291815281,1.0538383635208461
MCHP,-0.0024906591907773337,-0.4192909025510939,0.536052313920774,131.0,1.3022315102015811,9.307429954368109,0.9568815158538924,2.3412944798248034,-0.25046889376607706,-1.1234287616828393,-0.6387916850795888,-3.5973983749152234
MCK,0.005850536747571851,0.9604203805991083,0.19256710811564481,131.0,0.7398349288097021,5.156332674413602,0.026977558262405624,0.06436726205922079,0.3915721324123584,1.71264771000444,0.18641870314475092,1.0237249393131405
MCO,0.0010869283685452243,0.3038892123130999,0.6799213397101862,131.0,1.2437740256375163,14.76373647525484,0.5724217041849706,2.326093635921578,-0.4476945689432366,-3.3349305304734758,-0.03268956910894237,-0.30573960540005335
MDLZ,-0.0001495788767999366,-0.03615251752957346,0.2739855713864997,131.0,0.659945525615814,6.771997801813594,-0.18010398803394775,-0.6326861803298086,0.1726952306302007,1.1120881867794354,0.08393776989748206,0.6786624946877027
MDT,-0.00432592190490285,-1.0247385328999834,0.3767367671881391,131.0,0.8032637305916797,8.078542093637951,0.5318794236403729,1.8312360228627345,0.13990499778488652,0.8829949652472835,0.25456563027442514,2.0172619882827685
MET,0.002736837323170394,0.6720097531825355,0.6670355214135906,131.0,1.0786537805175669,11.244731877156298,0.69603621646601,2.484020474590541,1.1582192379892182,7.577186429366597,0.17746234433485336,1.457675827135281
META,0.007848961862807423,1.1061983774564124,0.34338491402756965,131.0,1.0779299429992342,6.449882104544876,-0.6701366180595222,-1.3727166110199078,-0.8098680582231157,-3.0410648030286103,-0.47322489756588326,-2.2310871208839997
MGM,-0.00403720372156356,-0.5715391979082415,0.5893657065062841,131.0,1.9254210286987614,11.572615099325144,0.21523456019693005,0.44286779973940077,0.6723211235805109,2.535903474429109,-0.30714004461265165,-1.4545543189322636
MHK,-0.010402157855406595,-1.5766794371339155,0.5265977779583322,131.0,1.160243411086165,7.466370149633027,2.624270772574624,5.781297900605308,-0.1958176698233158,-0.7907923293526804,-0.4609214690302908,-2.3370878956849617
MKC,-0.0002079376253113227,-0.04384072084565855,0.21928948337156606,131.0,0.5298070365960604,4.742450107230092,0.7319898469837413,2.2430884798487787,-0.29862366608577706,-1.677488051291758,-0.04302231294447454,-0.30343558206786747
MNST,0.00215249099587165,0.3474515168491776,0.2936124957480647,131.0,0.8797981701444748,6.029431493490666,1.028901445890093,2.413922858744395,-0.42124167723101513,-1.8116521260518723,0.013494393964521534,0.07286758877937918
MOH,0.006342344476110658,0.8061451275172952,0.2341687370179555,131.0,0.7436304779945947,4.012924881857905,1.8686099259813929,3.4520636886328107,-0.6236534512910942,-2.11201667667179,0.376505074672604,1.600893296819328
MOS,-0.006556518829884992,-0.8466241927973248,0.46058107354631406,131.0,1.4226567733916389,7.799341555811897,1.0555708366571588,1.9810775932430427,1.1224502218840413,3.8616691081773475,0.10957790427577016,0.47333486711736317
MPWR,0.00878739238339316,1.266304910272907,0.39755009026732824,131.0,1.1196106106721968,6.849923468551306,1.0885759928979037,2.2799943198857133,-1.1373033062206443,-4.366617785322963,-0.32813502020082175,-1.581827056000688
MRK,0.0018267196752714534,0.3908168152477833,0.1561257395140514,131.0,0.5199886380849289,4.723192337475732,-0.14306474947301634,-0.4448675363018661,0.25580901408900164,1.4581687440864837,0.2769563031150567,1.9821692451715134
MS,0.006272182524119172,1.4151208702647926,0.6521396028781163,131.0,1.2972230271922702,12.425959659087788,0.08620807537599706,0.28269591869122895,0.7053923765839802,4.240296406515931,-0.2490509062999422,-1.8797111584123334
MSCI,0.007999906561479945,1.6266746118567832,0.4784022439511877,131.0,1.0394305009658484,8.973289362949574,0.5811593711707012,1.7175435602916942,-0.7237992211086666,-3.9212496377356314,-0.1650414814687052,-1.1226310050890735
MSFT,0.00938893408959958,2.8386484279965645,0.6568192280948659,131.0,1.0503234027547625,13.482139043484663,-1.3043485014837086,-5.731729708315047,-0.32341467600072515,-2.6052274592718923,-0.03744573922915359,-0.3787266540532096
MSI,0.007303291861493488,1.5088802354502182,0.33824770771798507,131.0,0.8614937373499719,7.556639079651178,0.39779815335683955,1.1945260276629157,-0.0655472758437725,-0.3608123267442351,0.160396856827864,1.1085623171482326
MTCH,-0.003970848034977896,-0.40232652842892636,0.16864319304790676,131.0,0.9593968400336707,4.126996768238883,0.8275608984852084,1.2186867985373402,-0.6931819086116235,-1.8712560979842672,-0.13135914148313144,-0.4452294153025992
MTD,6.99195439120319e-05,0.014248063510762111,0.5055755361962251,131.0,1.129068570535065,9.76827811486162,0.9798280938685021,2.902043275146753,-0.4833482569633558,-2.624266995690177,-0.06536864646247298,-0.44560996391969754
MU,0.004954149322330783,0.5605992319530976,0.3089491499228795,131.0,1.3259168191372326,6.370010199497352,-0.08659365325500012,-0.14241843510980526,0.03289039040488285,0.09916148926343515,-0.5082640395265705,-1.9239816908131269
NCLH,-0.0065744901454773,-0.6510654593426113,0.49207012303275266,131.0,2.2440817683985625,9.434995477616836,1.4633404945453277,2.1062247357977353,0.8991999644989601,2.3725177156825636,0.14047341170270125,0.4653555011455103
NDAQ,0.005101594791041582,1.2191652080258908,0.4193926722742385,131.0,0.8747569384750391,8.875328531768904,0.4814058645664438,1.672109513358245,-0.11564724045525795,-0.7363469296255429,0.16714212999981323,1.3361975693298038
NDSN,-0.0006936442251750907,-0.15119404100922623,0.5026710332280229,131.0,0.9241615416390156,8.552365118444666,1.4098198284986685,4.466406587606161,-0.18115059898897173,-1.0520303774029531,-0.1942232048828132,-1.4162083836500028
NEE,0.002593373215290341,0.5077428139519006,0.16611750809897385,131.0,0.4642042801259494,3.8585874471162502,0.6896340340611474,1.9624300791292295,-0.22869277824663178,-1.1929488452574768,0.24384494409973784,1.597057912950855
NEM,0.005969729133756194,0.6059204907636052,0.03642588124866042,131.0,0.3048033881553588,1.3134732901227526,0.4391426431759023,0.64783344647123,0.033133060345428456,0.08960106483603676,-0.2224335301724124,-0.7552477026374008
NFLX,0.012247679014828497,1.3013408645601279,0.3184709657255791,131.0,1.4472266990416274,6.528513099117826,-1.200076998202922,-1.853288900412667,-0.46871762839551756,-1.3269029677910096,0.525219557179311,1.8668365967672966
NI,0.00421438669086068,1.0225289165677958,0.1987870519477971,131.0,0.41407889619673893,4.265449020770649,0.61353570957517,2.1636041357510516,0.18902504747092025,1.2219436493521905,0.10299625734673586,0.835970217654741
NKE,-0.004189416160385288,-0.7475974016707551,0.3408810507706119,131.0,0.8963255983502426,6.790793456100262,0.9289756950404072,2.409435875345157,-0.410032634679568,-1.9495003143957645,-0.061105585521372706,-0.3647735457070349
NOC,0.008102877208011474,1.6958758823387923,0.23125492255835522,131.0,0.5494589449922179,4.8823678415866265,0.3284002789351513,0.9989760237161792,0.5488049489865889,3.0602959783473276,0.5562499940935708,3.8945113228626504
NRG,0.005611184749342648,0.6210098810925244,0.17727035419159576,131.0,0.9994872287149297,4.696362737225263,0.4031548334774253,0.6485038436506345,0.23721426909347706,0.699480091023647,0.0064519066874038095,0.023886920547995846
NSC,-0.0018935086866908838,-0.40536975671319425,0.5770535509130567,131.0,1.316366779590243,11.964688556066044,0.6940861715650886,2.1597037164702946,0.3339996287685781,1.9051125268857005,0.17502344193557312,1.253454020822746
NTAP,0.00045996024604271857,0.06780003619690486,0.37556002885006634,131.0,1.239574226464312,7.75751471280811,-0.06840848257128102,-0.14656029362160458,0.008983051537959906,0.03527963843367845,-0.3254907831027459,-1.6050052909547112
NTRS,-0.0009734871212946707,-0.226333687811877,0.5627289633854944,131.0,1.1014712832213707,10.872579964855676,0.1309255694591358,0.44242555268461997,0.5915154702155536,3.6641707445329006,-0.04983888656813747,-0.38762829039336216
NUE,-0.000549277932051869,-0.0800220145953441,0.525819983347344,131.0,1.4887990279664935,9.208605084284693,1.2877969857178682,2.7268514220575226,0.3978025389928505,1.5441002261013854,-0.3080236963331491,-1.5011690539017004
NVDA,0.032677195153671325,3.5871756412819575,0.43202688935416667,131.0,1.844576285645406,8.596960535382507,-1.2092860641691845,-1.9294505804867053,-0.8561475229332641,-2.5040735486870043,-0.029150764148996335,-0.10704982430614138
NVR,0.004936022285786229,1.0417780008914446,0.4808163980284562,131.0,0.9144647743723259,8.19417988004415,1.652859306485686,5.070265473053728,-0.28086314907867516,-1.5793683747065526,-0.026667087829449113,-0.18827896697273225
NWS,-0.00179443497623159,-0.3095657058884185,0.49967799927407586,131.0,1.4049736814519567,10.290435344123358,-0.1778934863609777,-0.44604831690865376,0.4414078338410212,2.0288771914319783,-0.0981677878316191,-0.5665291578080918
NWSA,-0.0025287646055535554,-0.42944224375862305,0.49137776717631176,131.0,1.404761596234228,10.128366942189725,-0.24800235222781652,-0.6121373799155617,0.44953023458567176,2.033976224786892,-0.10678223826385443,-0.6066294973806083
NXPI,0.00023461310408108086,0.03498029473102277,0.4522491184960509,131.0,1.2729974488675433,8.058221006214586,1.3857830501679427,3.0030543007760175,-0.4327043619049686,-1.718909762289198,-0.4214191163542475,-2.1019073848701275
ODFL,0.00673272426736059,1.1344168379713142,0.4122318666759468,131.0,1.0633107948715304,7.6064585043047845,1.3687180856690324,3.35191180070211,-0.4181981737515284,-1.8773903163550605,-0.13783355339874612,-0.7768996629358488
OMC,-0.0029420590324571384,-0.6517804250227558,0.48846641067743457,131.0,0.8124919498108067,7.642042336217977,0.6159163434713731,1.9832086138778031,0.3204545862645676,1.8915029724859125,-0.35350386703349107,-2.6198247735599254
ON,0.004494697365416132,0.5592113644211673,0.4861840413301258,131.0,1.625930641236986,8.588513269394639,1.5759853217684097,2.8498660179558875,-0.4051327301498495,-1.342961214301503,-0.6095881774860438,-2.5371153564742777
ORLY,0.008663737872730642,1.7989524668973167,0.3646605191408254,131.0,0.8931395088988997,7.873614141209829,0.5940655680788054,1.7928564049282574,-0.01874689154594135,-0.10371325326949393,0.21439115017050045,1.4891875050610548
OXY,0.0033358138478815375,0.3217184589860166,0.3609562782425617,131.0,1.3823758793379075,5.660317103528056,-0.5642322169169229,-0.7909131456711516,1.6394752210194345,4.212788302077589,-0.2818036831446638,-0.9091781348180987
TAP,-0.0020529404366399604,-0.340585338712086,0.30951379482295815,131.0,0.835464598162011,5.8846155324803435,0.3186261852305955,0.7682946428178121,0.5354415131398582,2.366749233655341,-0.08197739417647115,-0.45495857407134244
DGX,0.00024261470594080139,0.04653589231768861,0.3750114765836563,131.0,0.8758522572327473,7.132507216135654,1.2885315047199168,3.5922181828004813,0.1285103719381876,0.6567494393203293,0.3895490967036831,2.499546789262628
O,-0.005366736847707127,-1.0980611056718,0.34147124415932195,131.0,0.6380274753494133,5.542376586155423,1.5673905291358763,4.661118750715967,-0.1918450243265096,-1.0458209900841695,0.04016622982584582,0.2749194219497781
OKE,0.0033704043885976445,0.4738987322759618,0.5051676282296274,131.0,1.4473571940265808,8.640118552272838,0.7390230281618693,1.5102827007327062,1.143366235077261,4.283309971903559,0.019643140927592586,0.09239375396147477
ORCL,0.0028845838244515335,0.6004163065832255,0.44443432217610246,131.0,1.111118446490062,9.819064539930835,-0.27552299098497546,-0.8335351149271202,-0.009273746542611547,-0.05142983643440112,0.10311964104057242,0.7180238208972092
PANW,0.012675981867826704,1.5168621601936607,0.2425800940425501,131.0,1.0725686524067193,5.449166150569845,0.6591714941949628,1.1464620081912709,-0.6324842569720085,-2.0165306825290603,-0.01349630446697484,-0.05402658544468674
PAYC,0.009866343348874235,0.8982565464045076,0.23045580459711557,131.0,1.1158268801595357,4.313019558523471,2.4891757287397107,3.2937942344548663,-0.8192519381241444,-1.9872488289933605,0.0032384715357232745,0.009863076360179579
PAYX,0.0003809189740353694,0.10383424057108388,0.5244362931104394,131.0,0.8933057959840787,10.338286868507694,0.7944489922483627,3.147536279672969,-0.08639625589939218,-0.6274707897849451,0.012535047448523523,0.114304179955162
PCAR,0.0005979415016020122,0.12770228942707365,0.4802658177288257,131.0,1.0452219449065852,9.477394246150833,0.7243733402756681,2.2485325819099113,0.30620177596244014,1.7423616235446464,0.10606786854999792,0.757795413448743
PCG,-0.001767330929808092,-0.14872079972117908,0.1019297281396917,131.0,0.8454812447102958,3.0206350281063448,0.49558501986530923,0.6061341396159355,0.5140864727011067,1.1526053112633847,0.005697834269399433,0.016039535685176128
PEG,0.0013483985469085716,0.3200183158352927,0.29181423517795224,131.0,0.5259022651522294,5.299099118816429,1.068969978729183,3.687387755618019,-5.490184046270838e-06,-3.471635087255798e-05,0.0953934672093923,0.7573616995767548
PEP,-0.00011598620355031901,-0.035698389898074265,0.31565326261023163,131.0,0.5416180427181786,7.0774345323854195,0.189699909603102,0.8486061217246366,0.07679506655608838,0.6297471670364695,0.022597523178970062,0.23266511998163258
PFE,-0.0060858210184656,-1.1525233880017856,0.19021956009619856,131.0,0.6611457275273104,5.315794816582129,0.012009213211977668,0.03305535822617847,0.00859148021196837,0.043350006978983065,0.13377607552001078,0.8474950451751081
PFG,-0.0007643259241004094,-0.19179846644272555,0.7116491379956777,131.0,1.2849350353599427,13.68951787853488,0.9561800469226952,3.48740959702349,0.9167008546455696,6.128931714460582,0.12614429646280373,1.058917935723185
PG,0.0017857003345893763,0.46703316157919833,0.17071369865168018,131.0,0.43034204698894396,4.778519494286481,0.17528215538098296,0.6663057863710018,0.026739037553739825,0.18632688175425585,0.0402568277074136,0.35221417687510337
PGR,0.014177770763613198,2.9835356327146636,0.1887800740568878,131.0,0.5453091594317526,4.871991406213053,0.269231904093497,0.8234676505928527,0.29692689830286495,1.664805211612383,0.38541629301490093,2.713198036158267
PH,0.003750816722848276,0.9225067169828685,0.7090793596439768,131.0,1.3635099153631949,14.237785179508073,1.058784695893709,3.784844923486138,0.16974299913577162,1.112310843113543,-0.2919697978664319,-2.402203346865052
PHM,0.002909689358653039,0.4536182685460751,0.49430093794741137,131.0,1.2175209288817355,8.058622059106403,2.302412306433503,5.2170349954353,-0.12771053859130835,-0.5304705195731038,-0.10911037793727241,-0.5690338684113554
PKG,0.002832867362653662,0.5568038117571937,0.44730655430540067,131.0,1.0703555787589827,8.931912868564286,0.5138482390561613,1.4679375250037034,0.30207162502256363,1.5818907872898715,0.006438465688273175,0.04233372550321644
PLD,-0.004546184349506008,-1.0144472983114448,0.5214958307914903,131.0,1.0145664716240312,9.611770564288967,1.335443460129223,4.331164653382058,-0.48957066024997786,-2.9106396170472735,0.06360233119757547,0.47477039102245766
PM,0.0014371719500133218,0.2934649464330716,0.32408532610018204,131.0,0.6967941953405131,6.040772321893787,-0.14999627166915894,-0.4451687874942799,0.5160463229576157,2.8075454471918517,-0.1408666261363771,-0.9622407818250314
PNC,0.0034791980567849723,0.8951771516601276,0.6780661996778756,131.0,1.1187170388297096,12.220543789694375,0.5687695320077892,2.1269775298456426,0.9871129454293945,6.766861540720925,0.0709289382391385,0.6104940570641392
PNR,-0.004698395784465939,-1.053724114301651,0.5900405130446272,131.0,1.089198069209245,10.371095315844283,1.5410605337110663,5.023353722579894,-0.13776443171342637,-0.8231993748247963,-0.20793363005461052,-1.560020126062964
PNW,0.0004976058277895242,0.10147897600351666,0.18395322273087067,131.0,0.3666101344732462,3.1742090581099256,1.002828827040497,2.972447337415496,0.13360425337523313,0.7259413065030886,0.03413543092686103,0.23287568912991055
POOL,0.0019356168164996364,0.3598071893438154,0.45487449056476625,131.0,0.8376887335877472,6.611097570861091,2.2620523977266935,6.111528650433419,-0.7149594676304013,-3.540971879815909,-0.07394889597376181,-0.45984375184112253
PPG,-0.008741620043669029,-2.2573645199922274,0.6418526517828255,131.0,1.1592999495859857,12.710013972791568,1.06458695191178,3.9956519319468526,-0.15113510945132022,-1.0398381330729085,-0.15492581898636149,-1.3383253819907277
PPL,-0.004277955023764232,-1.0709744517697999,0.4056498154428396,131.0,0.7600866126590946,8.078791912204851,0.4684059992733375,1.7043629568243868,0.29770892531088244,1.985753595651886,0.08104300579247947,0.6787136470495497
PRU,-0.0006795076145834784,-0.19194407637440863,0.771117740947852,131.0,1.393037741242453,16.70643213863453,0.05525455274603811,0.22685334902351037,1.2455725807621072,9.374325549017522,0.16985493508996485,1.6050431068438737
PSA,-0.0032999787649448356,-0.6895100402073177,0.2791462615182855,131.0,0.4841765215637842,4.295103339915363,1.4707197578151376,4.46638459869215,-0.4417693080140175,-2.459323135191362,0.10976090860529998,0.7671941592321485
PSKY,-0.015663989886573984,-1.7748767499786184,0.4251858708602384,131.0,1.4369453251690654,6.912680623771152,1.0745699705057343,1.7696902058803523,0.549288481564144,1.6582763407594514,-0.549695987422554,-2.0836104084238536
PSX,0.003659414458502867,0.6193314207210586,0.5512574246987642,131.0,1.2666008728573628,9.101055005603278,-0.29308900668061627,-0.7209543795153647,1.3409635735102226,6.046709450338483,-0.08786863390107427,-0.4974776036340784
PTC,0.0031056596648343813,0.5422409969998242,0.41150402715668777,131.0,1.1613119423609644,8.608506716238493,0.6182119951330137,1.568818337362544,-0.09155199255875159,-0.4258894630740972,0.016791405811348855,0.0980739554195274
PWR,0.011296069464104405,1.7920463677632432,0.36797198454587987,131.0,1.0586279665358174,7.130265364316023,0.9912981131960305,2.2857193712143853,0.24443086713970422,1.0331622816727073,-0.00017398716894729294,-0.0009233519160341233
QCOM,-0.003318438539363587,-0.41097066173597074,0.3236808216048296,131.0,1.3038133832524412,6.8554018591431,-0.36674722995200426,-0.6601469554605529,-0.4368497565293647,-1.4414505404111397,-0.4211431762998459,-1.7447570208023115
REG,-0.0030960853164456016,-0.6857461645657047,0.5058758621233197,131.0,0.9079462739972773,8.537899932376572,1.0389789050154126,3.3446751128684453,0.20545909617261973,1.2124572840530006,-0.19010865567037566,-1.4085767104386888
REGN,0.001648619522696299,0.20311919140557738,0.08643196075941251,131.0,0.4232846585286848,2.2141319098106504,0.5081515670959731,0.9099562893832427,-0.6293721819511012,-2.0659921644002317,-0.01590079318759113,-0.06553562638006809
RF,0.0043945646597679895,0.8523346470716776,0.6332038315864504,131.0,1.287633386911014,10.602955894946657,0.8636576197581608,2.4346281213106082,1.2396508158505004,6.405960560338113,0.12294599066427694,0.7976948710144126
RJF,0.006627628145727136,1.4010103468213841,0.557513247889019,131.0,1.2082637743973437,10.843897555360272,0.46931394882634536,1.4419274602999532,0.8383871661777835,4.721917955281106,0.3017923184829574,2.134123438932489
RL,-0.003400530509918933,-0.4607849941727638,0.3758876274943571,131.0,1.2357131908514662,7.1090206630128545,0.8863371651916203,1.7456105305431124,0.17554441122013154,0.633766479686328,-0.26689392907936255,-1.2098136829698178
RMD,0.0058336419548505915,0.8837734159463874,0.15915307608638307,131.0,0.5329065606922282,3.4276200331220674,1.0448486273738355,2.3006538515397117,-0.5111658384488158,-2.0632582553493433,-0.07737238675142116,-0.39211666702390463
ROK,-0.0070814089218791745,-1.5796011813565924,0.6373642102006603,131.0,1.2597270267568401,11.93011596495306,1.5621881677740457,5.064748230231542,-0.6251449087189677,-3.715344426852558,-0.24426860676880807,-1.8227351827923552
ROL,0.005008878681664672,0.9919808915270996,0.251162010437024,131.0,0.6260403366995722,5.263874810321932,0.7065632127417376,2.0338108358673805,-0.3086457698523425,-1.6285973686759023,0.27170570052031806,1.8000712221016633
ROP,-0.00027292688023122867,-0.07759392954458696,0.5951551217514973,131.0,1.0571335837582247,12.760031525796611,0.48222265493386063,1.9926259702085676,-0.13550821870701343,-1.026449713351854,0.16614232756144973,1.5801192747010362
RSG,0.007418052681237398,2.308944834277791,0.4100024135137522,131.0,0.6785856894435319,8.967446251686805,0.1758604261042858,0.7955885164350693,-0.011206821376001956,-0.09293872270464938,0.09834241455593792,1.0239827857882635
RTX,0.0014920764807837598,0.3139096467013723,0.47371700306772047,131.0,0.9431869253394414,8.424648527331225,-0.08414978712692962,-0.25731395511038807,0.8168432449158827,4.578707551344754,-0.016698223000444285,-0.11752005313131482
RVTY,-0.004716119939165332,-0.8750340862830756,0.4443741720249337,131.0,1.0399648069044822,8.192174874052425,1.4263995141767427,3.8466090850764227,-0.4804618570989784,-2.3751423928934443,0.06329101964434083,0.39283517395785145
CRM,0.0012244601391655004,0.20244141522307055,0.47185034023044603,131.0,1.3427055153656413,9.424882138863428,-0.8171444878403666,-1.9635877300061333,-0.5703586767954931,-2.5124265368452248,0.06396848816296337,0.3537927628155461
LUV,-0.0023152852489084154,-0.3202754294348237,0.3638699404540071,131.0,1.1213732364107336,6.58581832454452,1.0810947975005218,2.1736000530468362,0.18806660625446617,0.6931407167309533,-0.26717798296716494,-1.2363684934205703
NOW,0.010995974470365707,1.6935619998126752,0.36849524383298615,131.0,1.1825183293623094,7.732424724469243,-0.14534932972210735,-0.32536973390500556,-0.3943432539781938,-1.618200754891089,0.36570200482654003,1.884182057653424
RCL,0.008124428894566616,0.862124667908803,0.4992478338818771,131.0,2.2059265016694827,9.938222371818748,0.3946596573235394,0.6086907546271554,1.1104915529522361,3.1396634350887,0.12733679272804502,0.4520216973054804
ROST,0.0024772525356570266,0.4570635375873711,0.39078767551745497,131.0,0.9596243548753663,7.51705969007862,1.070808482424376,2.871539793542158,-0.1771281486333454,-0.870731958207113,-0.07364467990756905,-0.4545438844476577
SBAC,-0.0033428163290225126,-0.601327728880471,0.260452394132354,131.0,0.6148092730439714,4.695475374793236,1.0154399917276358,2.6549094943475504,-0.6599727744970992,-3.1631176259290106,0.04206748104370215,0.25314734021996277
SBUX,0.0003252584514160069,0.06284290351149448,0.2967016245615903,131.0,0.778296068974747,6.384294782095058,0.46126516074303703,1.2953139638095084,-0.11051862248111773,-0.5689233016805938,-0.12736444376417308,-0.8231974203525972
SHW,0.0010612265432070015,0.24648876455049554,0.6012740245460028,131.0,1.1555043868874733,11.394651967778959,1.6097863194210185,5.434429981955932,-0.23857805801739623,-1.4764207131806097,0.12629887016248134,0.9813335225898842
SJM,-0.0022276753637683225,-0.44820289391110646,0.0854043165771835,131.0,0.3109939615009044,2.656532619720092,0.5393594040462988,1.577239884990415,-0.014460121629497183,-0.0775149205953011,0.0382516643300114,0.2574549436294111
SLB,-0.002447037943456944,-0.3872775689854728,0.6534819316150278,131.0,1.5974860614029347,10.733939906485034,-0.3033093763900982,-0.6976927616494684,2.0724380783770826,8.7388404325417,0.10224107181495602,0.5412964498288597
SMCI,0.022084589495943937,1.3294605900808742,0.09514693946364627,131.0,1.2895211124085952,3.2957558815909556,-1.2077268299592732,-1.0566997199800812,-0.3483761252801208,-0.5587597667639566,-0.042888697361428745,-0.08636885012922889
SNA,0.0033790520541232337,0.8274321448890817,0.5856298551979906,131.0,1.0082919761606581,10.482485249203911,0.8571498023254527,3.050640117874827,0.4303175557582321,2.8074832719313023,-0.07780839741837851,-0.637370739915528
SNPS,0.006852241935970523,1.4977563676133228,0.5331546896166488,131.0,1.1411755686767775,10.590132493914966,-0.03106321615656653,-0.0986851137827842,-0.6090306997462333,-3.5468128826415213,0.01320647055628645,0.09656581244836987
SO,0.002677048620292093,0.6018823325340854,0.1460183246892066,131.0,0.38870332248359957,3.710342760181312,0.2861700114172825,0.9351390622588857,0.1695857470195935,1.0158633480237031,-0.027665331947078924,-0.20807474311526786
SPG,-0.004694597329004987,-0.8198882818632478,0.5395399783264355,131.0,1.3187519845364504,9.778222164143115,1.08087568017924,2.7436506932209848,0.546388013102689,2.542424712150132,-0.040687016781602546,-0.23770609916406293
SPGI,0.0016032561710100015,0.417205548442759,0.6088285309660417,131.0,1.1150254029655118,12.318912179448777,0.6690801559552326,2.5305915059451367,-0.530932672774717,-3.6810965911774653,0.025483835684802326,0.22184012258779795
SRE,-0.0006536963084860009,-0.16760852330001255,0.3711467616184234,131.0,0.6638011712586134,7.22600942728393,0.6858134994991847,2.555776296921431,0.18620820944982094,1.2720655682524566,0.08376040276158654,0.7184341525481726
STE,0.0013676936912196177,0.2921486218271142,0.391912678497377,131.0,0.8046449786058384,7.297258747289054,0.9915157342563634,3.07830288863453,-0.48411154660000116,-2.755186777684716,-0.04884267176250988,-0.3490137650581804
STLD,0.010877380891367961,1.5227834651433512,0.470125365995517,131.0,1.39820991443124,8.310490080813935,0.9278965299873648,1.888035291228507,0.8725426443530976,3.2545510180050505,0.012657814931333408,0.0592789773427169
STT,-0.0029523277886031973,-0.6028600497765497,0.6195576476072118,131.0,1.458130362253701,12.641212331320766,-0.040435632618810856,-0.12000875051116403,0.7504190310877388,4.082689730322866,-0.02502838266585737,-0.17096722485132335
STX,-0.0046018534984034395,-0.5505965961095988,0.283939293409055,131.0,1.1089857548243425,5.633355298059616,0.6503183220136666,1.1308980747364659,-0.5758670916524249,-1.835750270302457,-0.538259913157139,-2.154373089562727
SW,-0.0009249328366329928,-0.13978113222441954,0.30770202406161806,131.0,0.9896643907400928,6.349897899533672,0.7460515809528531,1.6387169743101124,-0.1041652398747188,-0.419422553989727,-0.19149388762215827,-0.9681026685223261
SWK,-0.007864884774542044,-1.4879445525862933,0.5470773168283822,131.0,1.1388282487812629,9.147302827133526,1.4776553714207064,4.063163340945158,0.09227726709148944,0.4651357425858469,-0.3019302127780205,-1.9108610215476325
SWKS,-0.002930103024433083,-0.40188519012826524,0.32955870104021445,131.0,1.0089116834793468,5.8750653942569135,1.226005390155723,2.444039566323437,-0.8517019864006988,-3.1124141268250143,-0.42393389701818845,-1.9451155244463958
SYK,0.0034152840172660404,0.8504392897786311,0.46667472349499106,131.0,0.9156883553612043,9.680652345427733,0.6495305436155514,2.3507844529660114,0.05777418185199831,0.3833018369635123,0.24336907931232793,2.027262722586403
SYY,0.001565886597320626,0.3146708402279141,0.4324341451715843,131.0,0.9437398777908594,8.051725149164724,0.46210103697635657,1.3496770934865059,0.5319370356892622,2.848046185300374,0.007143139980469807,0.04801904281331934
TDG,0.007134807435072549,1.2274798477206499,0.4403799582163629,131.0,1.214105025218975,8.868063890557568,0.7888642958573766,1.9725642416953153,0.08192152839728568,0.3755093601728263,-0.010810712775078075,-0.06221779112542868
TDY,0.0036827274271780267,0.8414656715236081,0.49873846476870387,131.0,0.9806264809629632,9.512855193144647,0.9820957693489043,3.261500191509282,-0.011185473995711093,-0.06809446710952437,-0.02536452186072367,-0.19387492910339546
TEL,-0.004157976486033244,-1.157806826713929,0.6818447798483849,131.0,1.1762151729853834,13.905329889051057,0.9751864762456325,3.946739734883011,-0.23798823769912153,-1.765631938359297,-0.22632539460139034,-2.1082179575796958
TER,0.002215059026719919,0.2914093863601306,0.3999073858240162,131.0,1.4122291834151233,7.88794468837401,0.8620422595864038,1.648327599357885,-0.6694115213707028,-2.346399846488577,-0.2615300209144543,-1.1509803950959292
TGT,-0.0020829070377059705,-0.30656654671441236,0.266954998458927,131.0,0.9289265316574894,5.804658625834468,1.0066462133419334,2.1534186990587036,-0.29531491195154774,-1.1580594579895889,0.048903190791553405,0.24077989242003034
TJX,0.0037283253083591045,0.8735357990013733,0.39753950958831596,131.0,0.7900782754423035,7.859184265422405,0.5725070803414128,1.9495954930105424,-0.07738747865288924,-0.48309018308641616,-0.11995995034164562,-0.9402239969365105
TKO,0.012344387783368204,1.179984801998825,0.16204180310946836,131.0,1.1268149517425508,4.572986304858795,0.1439568657211799,0.2000027565146464,0.40363704084634866,1.0279890232824378,0.07828007465805845,0.2503146303413204
TMO,0.0003277929219363816,0.0805324162869993,0.48150473010205574,131.0,0.8635186178307029,9.007065188286704,0.8384251725854511,2.993864967327749,-0.4895728338314461,-3.204638717322531,0.19071484584141185,1.5674142996466323
TMUS,0.012312810768980706,2.2905867283773484,0.12298398340683625,131.0,0.4814015878279,3.8022222207478027,-0.014074610918400112,-0.03805595932807381,0.11084003854858439,0.5493850148865247,-0.06320004363202214,-0.39331006312783623
TPL,0.027589477137420042,2.36814556495124,0.2769371279959624,131.0,1.6647657651327168,6.066783577070018,0.12315450671419044,0.15364271548194325,1.1018539721292653,2.5198783299207452,0.19493685785562517,0.5597408856458796
TPR,-0.002234939106415039,-0.2599861304679439,0.3654931639834976,131.0,1.2684739884737695,6.2647896504330856,1.448075431017599,2.448343854805392,0.2880110182491274,0.8926561350679229,-0.3422397037728262,-1.3318123010573957
TRGP,0.007883378150334273,0.7193825057076292,0.45112981650906203,131.0,2.050433012515447,7.943895829695419,0.8707885677540909,1.1549334845047385,1.243813536321259,3.024080849327581,-0.24482064931422912,-0.7473494228089249
TROW,-0.007761536373669705,-1.902380347505114,0.6265790263996893,131.0,1.3165244087465944,13.699950920233467,0.376752524589665,1.3421546677576246,0.021054441694477195,0.13749407685312115,0.047800463452380336,0.39193126224444985
TRV,0.005132239712407313,1.5082687296138608,0.578729803494034,131.0,0.806684444607794,10.0650495863486,0.5915499173109765,2.526736380350986,0.8932813301640176,6.994403095059739,0.5354358678889228,5.263897206356285
TSCO,0.002197630396437419,0.3888437610376898,0.3092343698207304,131.0,0.8870058840585301,6.663270201601925,0.8339039327275345,2.1445355254406357,-0.12905835280362365,-0.6084112076930112,0.13017936726924126,0.7705321838579197
TSLA,0.01659637523595207,1.1826692480735868,0.272319749895396,131.0,1.8260720283121157,5.524696246575268,-0.3730928857923187,-0.3864237120089889,-1.506265454899023,-2.8598429288324008,-0.5343466070382573,-1.2738000456120515
TT,0.005600517453804579,1.291053705334909,0.5510141839252316,131.0,1.0582517283178157,10.357276775485236,1.2307808226474894,4.123762218344073,-0.19873537189205268,-1.2206240746282007,-0.06622539346986595,-0.5107035136323148
TTWO,0.011287702666308694,1.659470521053964,0.26239026467545046,131.0,0.9824994612262302,6.132488521830434,-0.6638351672805166,-1.4184726878987715,0.12296051216305912,0.4816374524254636,0.6032420479120183,2.9667689955801424
TXN,0.00220843287039392,0.5613594504783339,0.5399838520876892,131.0,0.9734865874870784,10.505754555065806,0.5312445979477785,1.962673704485143,-0.20010326279003715,-1.3551944426212563,-0.23158200454222375,-1.9691998305145484
TXT,-0.002591468488443438,-0.5315868042566378,0.602026489325368,131.0,1.3835307060461453,12.049180323060956,0.9196839003881134,2.741975592735036,0.42755407838988574,2.3367374510185632,0.10036985103152953,0.6887469428410299
DIS,-0.004245156147939098,-0.7839191637213972,0.491495210145395,131.0,1.2545840088304332,9.835983731517553,-0.05947207582870086,-0.15962005301365412,0.16764050148773038,0.8247971838776078,-0.2742837093268635,-1.6943603160957514
GWW,0.0025923087151465143,0.485363034668523,0.42883431781245873,131.0,1.0564269489776852,8.397691009182775,0.9892556396666519,2.692063212935403,-0.04257937592105739,-0.21240751363916222,-0.01195011993107079,-0.0748480320970416
TFC,-0.0009194651137776936,-0.20690278521084773,0.6199632765439251,131.0,1.0645061754976446,10.169970855747723,0.7164956264352482,2.3433726991363177,1.08557967658262,6.508537198139995,0.12804194704674177,0.9638545362155831
TRMB,-0.007621577883070863,-1.3158372697886382,0.5811207671110854,131.0,1.6145234894338074,11.834287105327157,0.7130351063163386,1.7892249490456509,-0.3894573063506651,-1.791462629812917,-0.2321679764900607,-1.3408733294863424
TSN,-4.283545512776432e-05,-0.00711574002047661,0.23915123102160107,131.0,0.6135604789728824,4.327275109652496,0.989042511442127,2.3879673636109713,0.26415151868458725,1.1691235393897013,-0.050928302721841436,-0.28301146835005087
TYL,0.0034485038188082095,0.5793946767291909,0.2777154339749405,131.0,0.7694057813540226,5.48832318018296,0.2703681381485264,0.6602311961666352,-0.7039449981605962,-3.151179358753423,-0.054494178754038766,-0.30628240357371034
UAL,0.0059412757234211305,0.6582614890130498,0.3631079359508057,131.0,1.1872558863168348,5.584747132083967,1.2792209857081729,2.059970764633126,0.858553614261865,2.534409379289137,-0.2508053741138921,-0.9295734762147544
UDR,-0.0038751240510225015,-0.9273379352056021,0.4023046502242553,131.0,0.6174612201261814,6.273393725707045,1.2409652923756285,4.316271878994472,-0.40338093964103294,-2.571925567361105,-0.25989208957868876,-2.0805282751285854
UHS,0.000379691288236852,0.06154058907122884,0.4351650667271765,131.0,1.1818771145981983,8.132869088960083,0.9784784849391892,2.305043036361313,0.6102520598803224,2.6353049424460573,0.17762546327391018,0.9630844817976875
ULTA,0.005435483784455978,0.7314982748002257,0.3318715450442665,131.0,1.098598026686921,6.27703222830238,1.1464967361396143,2.24256306825169,-0.0626323996531552,-0.22457673270724704,-0.27990146207029054,-1.2601098717567476
UNH,0.010265512600559438,2.1804422031720656,0.2542265999945358,131.0,0.6954249476151646,6.271257703663325,0.1502228316203425,0.46376356313855105,0.2948776382512942,1.6687696191071302,0.29351503531847084,2.085558791075176
UNP,-0.0008559071115254621,-0.19865455336166632,0.4949493755239094,131.0,1.0259827810653033,10.11002904752362,0.3895117125562084,1.3139812005961218,0.04700729045853655,0.2906884084172719,-0.06589291938010955,-0.5116097159990277
UPS,-0.006412805072555026,-1.2058577353846802,0.38523676452558653,131.0,1.0607925716348612,8.468742863692151,0.2939554222910716,0.8033896850773602,0.0029266061168442222,0.014662327532570336,0.10897651258355485,0.6855025669731043
URI,0.007157347097618777,0.9731313923396976,0.5896705036955308,131.0,1.8009223679286759,10.395726329473408,1.8515334664033842,3.65887616759358,0.16571078161117378,0.6002895397035534,-0.47702801756450575,-2.169658770803393
USB,-0.0013394373828257782,-0.3435116012331303,0.67646864857273,131.0,1.0328213277364207,11.245651814180121,0.9241677687849359,3.444820146855968,0.9914995855385149,6.774888254460586,0.08635494986416102,0.7408569760983308
V,0.00588753151230682,1.5676289339739076,0.49933263711110487,131.0,0.9637822177310089,10.89505375318644,-0.15897565358381618,-0.615229832761448,0.06583958058857163,0.46707614580810236,0.040463475213847876,0.3604137495537675
VLO,0.007930091901882763,1.0456799110272863,0.47770020657332746,131.0,1.3744378853432708,7.694600990593315,-0.08141768590366832,-0.1560400353412642,1.3680919891672114,4.806472372445972,-0.18766458769267205,-0.8278106671207662
VMC,0.001721626232676816,0.35122558938493426,0.3837176336643213,131.0,0.7872293640260575,6.818502526275805,1.4539707760130267,4.311215155257031,-0.258093122677014,-1.40285995008731,0.11610974261614822,0.7923993050095917
VRSK,0.0012668746403597748,0.29351215170580397,0.41140437806111996,131.0,0.82207628826861,8.086209840903951,0.15605982945305807,0.5255091867962869,-0.4893883972695397,-3.0209025667002045,0.08733707009156141,0.6768917283705776
VRSN,-0.0002874264991980546,-0.0580219060847387,0.37890679294672547,131.0,0.9227820832674778,7.908694181092622,0.1331985751490185,0.39080625560632015,-0.396529470381664,-2.132707334716514,0.12390351030962879,0.8367138196792774
VRTX,0.008144725015152478,1.0637123190627733,0.13223594566723196,131.0,0.741847580798439,4.113418431313871,-0.45043985056474306,-0.8550299151471923,-0.14930533198326001,-0.5195336554450941,-0.03276714085492105,-0.14315761549595726
VTR,-0.006113228411461268,-0.9340347703533602,0.37035483990605333,131.0,0.988414659851605,6.411682980468008,1.2016947791695718,2.6685991066599746,0.31583253526284055,1.2857007384981385,-0.13605152919134192,-0.6953828783929116
VTRS,-0.013151850440862407,-1.7142435212085505,0.32285680793628835,131.0,1.274414337104596,7.052396901591414,0.09789991007944623,0.18546616392054618,0.7734812892898858,2.6861241027454756,0.2652816253579572,1.1567006245898421
VZ,-0.0037522166153621406,-0.870760871444648,0.16324037929573587,131.0,0.46463913909110033,4.577909840353849,-0.31801571467762396,-1.0726457723307385,0.2535909768561359,1.5679615401461984,0.0020237411322592607,0.015710648313311242
WAB,-0.000788769666404747,-0.1482430360084719,0.5286257913617671,131.0,1.255869953005849,10.020957313289635,0.9462278119089218,2.5847381334330475,0.2443459153415313,1.2235445577375506,-0.09735762669723737,-0.6120997803528971
WAT,-0.0009688475937843909,-0.1784320478840662,0.4328746921834752,131.0,0.9738760755100565,7.6148531769516055,1.795291413017911,4.805616275796808,-0.18796510822765206,-0.9223276751905328,0.2840744236894873,1.7501596798512535
WBD,-0.012301650560958475,-1.3502113386294148,0.4071152378590337,131.0,1.2875871968240342,6.000058104523586,-0.10064186180278498,-0.16055127836340516,0.07095210195900029,0.20748859814722684,-1.23592801010443,-4.537949769120819
WDAY,-0.006216872670109134,-0.8000700693614908,0.40433249897588786,131.0,1.4487203694240136,7.915549330544418,0.874110431022834,1.6350050382751942,-0.7755458712768584,-2.6592192594950106,0.3406195322995915,1.4664043646730514
WDC,-0.008079542665948021,-0.9097274622159871,0.3491638978066448,131.0,1.4162272003247003,6.770143900670072,0.4994213083697038,0.8173128662497643,0.1703884030674357,0.5111580034235063,-0.4584859030814187,-1.7269456055700678
WEC,0.0022064279328917876,0.47640129515921115,0.1238133513503934,131.0,0.31424646758620084,2.8806734717711193,0.8018491494069354,2.516359001061933,-0.01822424147518881,-0.1048390927344239,0.12075066192603438,0.8721694128048095
WELL,-0.000362066491162452,-0.06610538327706027,0.3410837441397798,131.0,0.7970919769599069,6.178703774044795,0.9565459881306418,2.538347578214457,-0.037082819509974725,-0.18038974633143728,-0.22771476872873683,-1.3908101060098603
WFC,0.002572940541088952,0.5509995589411337,0.6041501609135362,131.0,1.1516448035751323,10.470815219479125,-0.33011088865893384,-1.0274911551397081,1.1680586353093008,6.664640864904518,-0.052931328902858475,-0.37919486175479294
WM,0.005357707604481212,1.505442820546951,0.3893167884313147,131.0,0.7122053966140786,8.49632191108485,0.2789817376779695,1.1393516161136745,0.01989842501800507,0.1489685414027995,0.10621594859292967,0.9983966925295399
WMB,0.00039260583947092824,0.057306396465840466,0.4096368469718602,131.0,1.3196498317791656,8.177969642497203,-0.2935810617673942,-0.6228322947300685,1.1226723913757766,4.366062959211924,0.2991686771793849,1.4607994997411613
WMT,0.004711511092713239,1.0536479237856247,0.17215895608483334,131.0,0.5132048058173342,4.8726638802731195,0.04750268363810269,0.15440102693212437,-0.08206387316235614,-0.48896515855559014,0.122475797324533,0.9162494317116113
WRB,0.009577749784274137,2.638285103800634,0.5136289427654872,131.0,0.7371635579586511,8.62109712687979,0.6313335007781881,2.5276318239718303,0.8396018995360299,6.162007987292202,0.54119425061126,4.987002175138967
WSM,0.005171338086513149,0.6009259775263617,0.3657741889502857,131.0,1.3921358180893908,6.868155141680556,1.9222186762572298,3.24651624837357,-0.0693159951174221,-0.21460612636680912,-0.004927767572576383,-0.01915562857166501
WST,0.0022883807787268426,0.40583146349151544,0.4152426260492508,131.0,0.9915876864197921,7.466017268669329,0.8019845039876146,2.0671887892104555,-0.8719927066424739,-4.1202245127867965,-0.1526844614804284,-0.905816880324841
WTW,0.0024633889505250683,0.5667333717011215,0.3414010842843922,131.0,0.7858670742008599,7.676006483853888,0.1519027961376568,0.5079351956613735,0.30575168270078107,1.8741539363548574,0.19320092701476113,1.4869047487298783
WY,-0.011560884789849526,-2.4237246012031575,0.6508623300920477,131.0,1.4094981433834604,12.545764992383322,1.7282750504176037,5.266253969399819,0.10962957189895386,0.612365227977643,0.02810589590361516,0.19711413853326287
WYNN,-0.012998314623376203,-1.4071374107801022,0.4289527710459241,131.0,1.6655401752611392,7.654996911292871,0.6915796408979658,1.0881490963198286,0.10381844002430136,0.2994432789470905,-0.7316079831177498,-2.649451937310975
XEL,0.003188530800100938,0.7326621510490914,0.1275905644204317,131.0,0.3456356424780388,3.371879947231402,0.5547278424719042,1.8526349195660041,0.11580435325190752,0.7089712624625789,0.16899873834215165,1.2990466513139112
XYL,-0.0005053971305147829,-0.11034793167343121,0.5015517528126763,131.0,1.1079661973039112,10.270660611168378,0.8287802145831145,2.630071416194455,-0.043472754721604646,-0.2528943882726123,0.1836071445473059,1.3410628970153087
YUM,-0.0007536594680395665,-0.17044047417137032,0.4440643624504179,131.0,0.8678900372056113,8.333025664807025,1.0512681061928069,3.455475390574756,-0.09967188679147851,-0.6005661635059907,-0.01719426671313092,-0.13007965563391338
ZBH,-0.006455808233089292,-1.3407271095123812,0.4632115654165312,131.0,1.029769203058468,9.07967097502389,0.9025360696096715,2.7242758351303347,0.2508720032226446,1.3881377769964398,0.1559885156327271,1.0837036597806735
ZBRA,0.0016687251470650485,0.225325917343109,0.47459591624860653,131.0,1.4811531677014573,8.491154654630755,1.6681219364371802,3.2737904082463833,-0.6577709600231589,-2.3664189758145717,-0.4378527497166461,-1.9778008705311334
ZTS,0.0012514554091481137,0.2824761319138168,0.45005504296195287,131.0,0.8010809236314508,7.676852738174426,1.1611028498347364,3.8092003014107902,-0.697227371756141,-4.1930632373521455,-0.007371465170884493,-0.0556606586022161
